ProblemID,Group,n,m,Replication,Seed,PoolSize,PoolBest,PoolMean,PoolSD,PoolWorst,EliteN,PoorN,TieMode,ElapsedSec,HistoricalPRAuditPass,HistoricalPRMatched,HistoricalPRChecked
Ta20_5_1,20×5,20,5,1,210501210,200000,1303,1515.62061,60.14196786362575,1784,10000,20000,numpy_quicksort,0.6833201499998722,True,10,10
Ta20_5_1,20×5,20,5,2,210502219,200000,1298,1515.598,60.0287033278757,1791,10000,20000,numpy_quicksort,0.2645784770002137,True,10,10
Ta20_5_1,20×5,20,5,3,210503228,200000,1309,1515.26612,59.82833381678982,1798,10000,20000,numpy_quicksort,0.271935798999948,True,10,10
Ta20_5_1,20×5,20,5,4,210504237,200000,1299,1515.601175,60.1550310178472,1793,10000,20000,numpy_quicksort,0.167861079999966,True,10,10
Ta20_5_1,20×5,20,5,5,210505246,200000,1312,1515.907205,60.09849235406735,1796,10000,20000,numpy_quicksort,0.1959571180000239,True,10,10
Ta20_5_2,20×5,20,5,1,210601210,200000,1370,1547.20907,60.33260262784791,1867,10000,20000,numpy_quicksort,0.2317742539999017,True,10,10
Ta20_5_2,20×5,20,5,2,210602219,200000,1368,1547.80345,60.3015023813955,1839,10000,20000,numpy_quicksort,0.1569341060003353,True,10,10
Ta20_5_2,20×5,20,5,3,210603228,200000,1373,1547.606735,60.0876317577688,1849,10000,20000,numpy_quicksort,0.1611683289997927,True,10,10
Ta20_5_2,20×5,20,5,4,210604237,200000,1373,1547.62181,60.31643857761923,1849,10000,20000,numpy_quicksort,0.2143810300003679,True,10,10
Ta20_5_2,20×5,20,5,5,210605246,200000,1368,1547.3022,60.038287268539655,1827,10000,20000,numpy_quicksort,0.1728589570002441,True,10,10
Ta20_5_3,20×5,20,5,1,210701210,200000,1168,1451.08133,83.31164798264734,1895,10000,20000,numpy_quicksort,0.198889902999781,True,10,10
Ta20_5_3,20×5,20,5,2,210702219,200000,1167,1451.41015,83.50884435563054,1893,10000,20000,numpy_quicksort,0.2198046319999775,True,10,10
Ta20_5_3,20×5,20,5,3,210703228,200000,1170,1451.263345,83.67272428954925,1846,10000,20000,numpy_quicksort,0.225630732999889,True,10,10
Ta20_5_3,20×5,20,5,4,210704237,200000,1137,1451.26939,83.59065256363226,1873,10000,20000,numpy_quicksort,0.1338131210000028,True,10,10
Ta20_5_3,20×5,20,5,5,210705246,200000,1160,1450.942915,83.46637328577373,1887,10000,20000,numpy_quicksort,0.200991201999841,True,10,10
Ta20_5_4,20×5,20,5,1,210801210,200000,1392,1633.789835,70.34997975316718,1967,10000,20000,numpy_quicksort,0.1988424819996908,True,10,10
Ta20_5_4,20×5,20,5,2,210802219,200000,1388,1633.920035,70.58479299157705,1985,10000,20000,numpy_quicksort,0.1656307570001445,True,10,10
Ta20_5_4,20×5,20,5,3,210803228,200000,1411,1633.331465,70.5551674656935,1985,10000,20000,numpy_quicksort,0.2148968609999428,True,10,10
Ta20_5_4,20×5,20,5,4,210804237,200000,1387,1633.81672,70.55582335330405,1974,10000,20000,numpy_quicksort,0.1790991549996761,True,10,10
Ta20_5_4,20×5,20,5,5,210805246,200000,1386,1633.492345,70.53795906757809,1992,10000,20000,numpy_quicksort,0.137173377000181,True,10,10
Ta20_5_5,20×5,20,5,1,210901210,200000,1285,1505.469225,66.09455261478666,1809,10000,20000,numpy_quicksort,0.2618329150000136,True,10,10
Ta20_5_5,20×5,20,5,2,210902219,200000,1291,1505.567135,66.08199071637642,1824,10000,20000,numpy_quicksort,0.2204449500000009,True,10,10
Ta20_5_5,20×5,20,5,3,210903228,200000,1305,1505.3125,66.06426784720641,1821,10000,20000,numpy_quicksort,0.218939809999938,True,10,10
Ta20_5_5,20×5,20,5,4,210904237,200000,1292,1505.343085,66.00970863510113,1824,10000,20000,numpy_quicksort,0.2101010080000378,True,10,10
Ta20_5_5,20×5,20,5,5,210905246,200000,1279,1505.56455,66.10051346008515,1831,10000,20000,numpy_quicksort,0.1983063610000499,True,10,10
Ta20_5_6,20×5,20,5,1,211001210,200000,1261,1529.297215,74.1982934114896,1840,10000,20000,numpy_quicksort,0.3852107500001693,True,10,10
Ta20_5_6,20×5,20,5,2,211002219,200000,1270,1529.35956,74.06689359038916,1854,10000,20000,numpy_quicksort,0.2100036050001108,True,10,10
Ta20_5_6,20×5,20,5,3,211003228,200000,1256,1529.129285,74.09397276413767,1857,10000,20000,numpy_quicksort,0.1602259530000083,True,10,10
Ta20_5_6,20×5,20,5,4,211004237,200000,1240,1528.9852,74.23990455797437,1830,10000,20000,numpy_quicksort,0.1948282020002807,True,10,10
Ta20_5_6,20×5,20,5,5,211005246,200000,1273,1529.20215,74.15082944313593,1840,10000,20000,numpy_quicksort,0.2212844199998471,True,10,10
Ta20_5_7,20×5,20,5,1,211101210,200000,1264,1505.813675,70.01199308968611,1832,10000,20000,numpy_quicksort,0.2395134520002102,True,10,10
Ta20_5_7,20×5,20,5,2,211102219,200000,1271,1505.94814,70.07090680303989,1883,10000,20000,numpy_quicksort,0.1897271070001807,True,10,10
Ta20_5_7,20×5,20,5,3,211103228,200000,1272,1505.91038,69.93447263265743,1824,10000,20000,numpy_quicksort,0.183534843000416,True,10,10
Ta20_5_7,20×5,20,5,4,211104237,200000,1264,1506.040045,70.10420725175734,1832,10000,20000,numpy_quicksort,0.1975397070000326,True,10,10
Ta20_5_7,20×5,20,5,5,211105246,200000,1282,1506.381225,69.98879949434516,1821,10000,20000,numpy_quicksort,0.1823748189999605,True,10,10
Ta20_5_8,20×5,20,5,1,211201210,200000,1289,1549.80008,72.65144900935435,1910,10000,20000,numpy_quicksort,0.224274368999886,True,10,10
Ta20_5_8,20×5,20,5,2,211202219,200000,1283,1549.925695,72.72099941203884,1936,10000,20000,numpy_quicksort,0.1699773559998902,True,10,10
Ta20_5_8,20×5,20,5,3,211203228,200000,1260,1550.09823,72.72042836899828,1893,10000,20000,numpy_quicksort,0.2344170090000261,True,10,10
Ta20_5_8,20×5,20,5,4,211204237,200000,1282,1549.76169,72.61593505363695,1891,10000,20000,numpy_quicksort,0.1741829359998519,True,10,10
Ta20_5_8,20×5,20,5,5,211205246,200000,1284,1549.977075,72.66168762180394,1925,10000,20000,numpy_quicksort,0.2029318719996808,True,10,10
Ta20_5_9,20×5,20,5,1,211301210,200000,1299,1572.54114,78.54112929570948,1979,10000,20000,numpy_quicksort,0.2352193619999525,True,10,10
Ta20_5_9,20×5,20,5,2,211302219,200000,1297,1572.65412,78.38912023550499,1952,10000,20000,numpy_quicksort,0.2266559179997784,True,10,10
Ta20_5_9,20×5,20,5,3,211303228,200000,1303,1572.463585,78.63568586718904,1924,10000,20000,numpy_quicksort,0.2296707359996617,True,10,10
Ta20_5_9,20×5,20,5,4,211304237,200000,1301,1572.771385,78.63524208450217,1909,10000,20000,numpy_quicksort,0.2685336959998494,True,10,10
Ta20_5_9,20×5,20,5,5,211305246,200000,1297,1572.86398,78.58842961445372,1954,10000,20000,numpy_quicksort,0.1780131430000437,True,10,10
Ta20_5_10,20×5,20,5,1,211401210,200000,1185,1437.940275,76.60634334429217,1827,10000,20000,numpy_quicksort,0.174948077999943,True,10,10
Ta20_5_10,20×5,20,5,2,211402219,200000,1188,1437.693015,76.28749448054278,1817,10000,20000,numpy_quicksort,0.2188205789998392,True,10,10
Ta20_5_10,20×5,20,5,3,211403228,200000,1191,1437.65633,76.41413440281048,1825,10000,20000,numpy_quicksort,0.2250315510000291,True,10,10
Ta20_5_10,20×5,20,5,4,211404237,200000,1172,1437.912765,76.4078648168093,1819,10000,20000,numpy_quicksort,0.2332567849998668,True,10,10
Ta20_5_10,20×5,20,5,5,211405246,200000,1184,1438.092425,76.65581852143998,1843,10000,20000,numpy_quicksort,0.1945575370000369,True,10,10
Ta20_10_1,20×10,20,10,1,220501210,200000,1736,2023.861245,79.27012539925667,2417,10000,20000,numpy_quicksort,0.6736530649995984,True,10,10
Ta20_10_1,20×10,20,10,2,220502219,200000,1709,2024.114105,79.39764565136456,2442,10000,20000,numpy_quicksort,0.2564457379999112,True,10,10
Ta20_10_1,20×10,20,10,3,220503228,200000,1721,2024.17636,79.17127861546248,2421,10000,20000,numpy_quicksort,0.1624250539998684,True,10,10
Ta20_10_1,20×10,20,10,4,220504237,200000,1725,2024.021345,79.63575973557431,2421,10000,20000,numpy_quicksort,0.2682941819998632,True,10,10
Ta20_10_1,20×10,20,10,5,220505246,200000,1689,2024.20049,79.47707113868806,2400,10000,20000,numpy_quicksort,0.2276516739998442,True,10,10
Ta20_10_2,20×10,20,10,1,220601210,200000,1796,2071.71352,73.99171313787555,2413,10000,20000,numpy_quicksort,0.2756283180001446,True,10,10
Ta20_10_2,20×10,20,10,2,220602219,200000,1808,2072.135195,73.91023745685018,2409,10000,20000,numpy_quicksort,0.267222715999651,True,10,10
Ta20_10_2,20×10,20,10,3,220603228,200000,1806,2071.88463,73.98267213977869,2454,10000,20000,numpy_quicksort,0.1704696199999489,True,10,10
Ta20_10_2,20×10,20,10,4,220604237,200000,1793,2071.668785,73.9494365375396,2435,10000,20000,numpy_quicksort,0.1740689369999017,True,10,10
Ta20_10_2,20×10,20,10,5,220605246,200000,1787,2071.948855,74.12166902666232,2449,10000,20000,numpy_quicksort,0.2165578679996542,True,10,10
Ta20_10_3,20×10,20,10,1,220701210,200000,1643,1929.42139,77.9184567153212,2291,10000,20000,numpy_quicksort,0.1909087449998878,True,10,10
Ta20_10_3,20×10,20,10,2,220702219,200000,1624,1929.37497,77.88980312984658,2330,10000,20000,numpy_quicksort,0.1557605210000474,True,10,10
Ta20_10_3,20×10,20,10,3,220703228,200000,1637,1929.457435,77.85352223294329,2265,10000,20000,numpy_quicksort,0.1925282830002288,True,10,10
Ta20_10_3,20×10,20,10,4,220704237,200000,1640,1929.41363,77.68561427636668,2293,10000,20000,numpy_quicksort,0.2765342070001679,True,10,10
Ta20_10_3,20×10,20,10,5,220705246,200000,1626,1929.10737,77.6899190390922,2301,10000,20000,numpy_quicksort,0.1633651199999803,True,10,10
Ta20_10_4,20×10,20,10,1,220801210,200000,1503,1798.45151,76.69852959504576,2183,10000,20000,numpy_quicksort,0.2206465350000144,True,10,10
Ta20_10_4,20×10,20,10,2,220802219,200000,1529,1798.36795,76.80826921854575,2162,10000,20000,numpy_quicksort,0.2148465049999686,True,10,10
Ta20_10_4,20×10,20,10,3,220803228,200000,1507,1798.13309,76.62056910914949,2170,10000,20000,numpy_quicksort,0.2878549170000042,True,10,10
Ta20_10_4,20×10,20,10,4,220804237,200000,1503,1798.204505,76.65684883992652,2161,10000,20000,numpy_quicksort,0.1970059089999267,True,10,10
Ta20_10_4,20×10,20,10,5,220805246,200000,1510,1798.17323,76.7431729793608,2172,10000,20000,numpy_quicksort,0.1983164359999136,True,10,10
Ta20_10_5,20×10,20,10,1,220901210,200000,1575,1888.753735,86.00121993087612,2261,10000,20000,numpy_quicksort,0.1790376720000495,True,10,10
Ta20_10_5,20×10,20,10,2,220902219,200000,1563,1888.99034,86.1674208202059,2292,10000,20000,numpy_quicksort,0.1953360590000556,True,10,10
Ta20_10_5,20×10,20,10,3,220903228,200000,1542,1888.419065,86.01094086763334,2257,10000,20000,numpy_quicksort,0.1619771170003332,True,10,10
Ta20_10_5,20×10,20,10,4,220904237,200000,1516,1888.8057,86.19320137835592,2292,10000,20000,numpy_quicksort,0.1910021759999836,True,10,10
Ta20_10_5,20×10,20,10,5,220905246,200000,1548,1888.558895,86.17958769909296,2270,10000,20000,numpy_quicksort,0.2084275219999654,True,10,10
Ta20_10_6,20×10,20,10,1,221001210,200000,1529,1825.675895,76.32220264341207,2180,10000,20000,numpy_quicksort,0.2741785200000777,True,10,10
Ta20_10_6,20×10,20,10,2,221002219,200000,1520,1825.577885,76.29334202469414,2214,10000,20000,numpy_quicksort,0.1746685949997299,True,10,10
Ta20_10_6,20×10,20,10,3,221003228,200000,1523,1825.524345,76.10247647255378,2151,10000,20000,numpy_quicksort,0.2070477909996952,True,10,10
Ta20_10_6,20×10,20,10,4,221004237,200000,1542,1825.72985,76.16516536212322,2201,10000,20000,numpy_quicksort,0.1627065349998702,True,10,10
Ta20_10_6,20×10,20,10,5,221005246,200000,1535,1825.59662,76.19102105848202,2179,10000,20000,numpy_quicksort,0.1800994529999116,True,10,10
Ta20_10_7,20×10,20,10,1,221101210,200000,1585,1898.37215,78.09165144820302,2274,10000,20000,numpy_quicksort,0.2204358829999364,True,10,10
Ta20_10_7,20×10,20,10,2,221102219,200000,1619,1898.652485,78.02256254395971,2236,10000,20000,numpy_quicksort,0.2311708709999038,True,10,10
Ta20_10_7,20×10,20,10,3,221103228,200000,1596,1898.27692,78.1248899698794,2253,10000,20000,numpy_quicksort,0.1355877790001614,True,10,10
Ta20_10_7,20×10,20,10,4,221104237,200000,1598,1898.380855,78.0196115715012,2240,10000,20000,numpy_quicksort,0.202433216999907,True,10,10
Ta20_10_7,20×10,20,10,5,221105246,200000,1601,1898.26971,78.12128167912478,2282,10000,20000,numpy_quicksort,0.1687590579999778,True,10,10
Ta20_10_8,20×10,20,10,1,221201210,200000,1667,1973.660085,78.04220624586772,2344,10000,20000,numpy_quicksort,0.192201931999989,True,10,10
Ta20_10_8,20×10,20,10,2,221202219,200000,1686,1973.95008,78.13312691759629,2332,10000,20000,numpy_quicksort,0.1713094109995836,True,10,10
Ta20_10_8,20×10,20,10,3,221203228,200000,1674,1974.011475,78.22099664377816,2333,10000,20000,numpy_quicksort,0.161924779000401,True,10,10
Ta20_10_8,20×10,20,10,4,221204237,200000,1686,1974.136925,78.14002128140869,2343,10000,20000,numpy_quicksort,0.1808449099999052,True,10,10
Ta20_10_8,20×10,20,10,5,221205246,200000,1687,1973.7839,78.14512687362067,2348,10000,20000,numpy_quicksort,0.1966817000002265,True,10,10
Ta20_10_9,20×10,20,10,1,221301210,200000,1700,1988.313085,79.78169381741726,2394,10000,20000,numpy_quicksort,0.1560766840002543,True,10,10
Ta20_10_9,20×10,20,10,2,221302219,200000,1697,1988.38389,79.74532434601839,2322,10000,20000,numpy_quicksort,0.1962769970000408,True,10,10
Ta20_10_9,20×10,20,10,3,221303228,200000,1705,1988.62238,79.46937844255578,2320,10000,20000,numpy_quicksort,0.221146636999947,True,10,10
Ta20_10_9,20×10,20,10,4,221304237,200000,1689,1988.75198,79.44309637789435,2349,10000,20000,numpy_quicksort,0.2286890220002533,True,10,10
Ta20_10_9,20×10,20,10,5,221305246,200000,1704,1988.473315,79.56224461806377,2341,10000,20000,numpy_quicksort,0.2504086769999958,True,10,10
Ta20_10_10,20×10,20,10,1,221401210,200000,1727,2007.98732,77.06424264018344,2377,10000,20000,numpy_quicksort,0.2343909139999596,True,10,10
Ta20_10_10,20×10,20,10,2,221402219,200000,1724,2007.711145,77.29651183295843,2358,10000,20000,numpy_quicksort,0.1918901429999095,True,10,10
Ta20_10_10,20×10,20,10,3,221403228,200000,1717,2007.51888,77.17602493157912,2386,10000,20000,numpy_quicksort,0.1574772529997972,True,10,10
Ta20_10_10,20×10,20,10,4,221404237,200000,1726,2007.42831,77.2608088665064,2359,10000,20000,numpy_quicksort,0.217411808000179,True,10,10
Ta20_10_10,20×10,20,10,5,221405246,200000,1724,2007.75248,76.92467914057818,2332,10000,20000,numpy_quicksort,0.2087528239999301,True,10,10
Ta20_20_1,20×20,20,20,1,230501210,200000,2460,2776.268505,88.17365021948416,3139,10000,20000,numpy_quicksort,0.6844313449996662,True,10,10
Ta20_20_1,20×20,20,20,2,230502219,200000,2471,2776.162875,88.00258546775555,3205,10000,20000,numpy_quicksort,0.3125518800002282,True,10,10
Ta20_20_1,20×20,20,20,3,230503228,200000,2454,2776.291025,88.26521026534799,3140,10000,20000,numpy_quicksort,0.3197146929996961,True,10,10
Ta20_20_1,20×20,20,20,4,230504237,200000,2466,2775.8905,88.10532107930833,3175,10000,20000,numpy_quicksort,0.2748951190001207,True,10,10
Ta20_20_1,20×20,20,20,5,230505246,200000,2467,2776.053955,88.38713778196804,3174,10000,20000,numpy_quicksort,0.2863733970002613,True,10,10
Ta20_20_2,20×20,20,20,1,230601210,200000,2282,2596.35566,85.15103281497147,2980,10000,20000,numpy_quicksort,0.2611467629999424,True,10,10
Ta20_20_2,20×20,20,20,2,230602219,200000,2237,2596.819025,85.17451025122105,2978,10000,20000,numpy_quicksort,0.3267456250000577,True,10,10
Ta20_20_2,20×20,20,20,3,230603228,200000,2244,2596.45476,85.23668118715968,3055,10000,20000,numpy_quicksort,0.2530678660000376,True,10,10
Ta20_20_2,20×20,20,20,4,230604237,200000,2245,2596.80946,85.38307247841185,3004,10000,20000,numpy_quicksort,0.2695600960000774,True,10,10
Ta20_20_2,20×20,20,20,5,230605246,200000,2239,2596.29208,85.03602627652837,2994,10000,20000,numpy_quicksort,0.2558146349997514,True,10,10
Ta20_20_3,20×20,20,20,1,230701210,200000,2464,2761.6424,76.25849906097939,3112,10000,20000,numpy_quicksort,0.2957907780000823,True,10,10
Ta20_20_3,20×20,20,20,2,230702219,200000,2462,2761.966795,76.29450076304458,3141,10000,20000,numpy_quicksort,0.3133503829999426,True,10,10
Ta20_20_3,20×20,20,20,3,230703228,200000,2491,2761.8201,76.39641979867113,3108,10000,20000,numpy_quicksort,0.2888360010001634,True,10,10
Ta20_20_3,20×20,20,20,4,230704237,200000,2477,2761.77383,76.11758736695897,3102,10000,20000,numpy_quicksort,0.2579322209999191,True,10,10
Ta20_20_3,20×20,20,20,5,230705246,200000,2447,2761.531,76.0712658839556,3110,10000,20000,numpy_quicksort,0.3012672949998887,True,10,10
Ta20_20_4,20×20,20,20,1,230801210,200000,2385,2727.258035,91.47756661425107,3175,10000,20000,numpy_quicksort,0.2649090360000627,True,10,10
Ta20_20_4,20×20,20,20,2,230802219,200000,2369,2727.09728,91.5286607794538,3133,10000,20000,numpy_quicksort,0.2920938480001496,True,10,10
Ta20_20_4,20×20,20,20,3,230803228,200000,2400,2726.78869,91.15475694681254,3154,10000,20000,numpy_quicksort,0.2444105829999898,True,10,10
Ta20_20_4,20×20,20,20,4,230804237,200000,2374,2727.60954,91.40871002672417,3190,10000,20000,numpy_quicksort,0.2493733239998619,True,10,10
Ta20_20_4,20×20,20,20,5,230805246,200000,2378,2727.220965,91.4638432805112,3197,10000,20000,numpy_quicksort,0.1973120229999949,True,10,10
Ta20_20_5,20×20,20,20,1,230901210,200000,2441,2787.53289,83.22316647860194,3152,10000,20000,numpy_quicksort,0.2411029210002198,True,10,10
Ta20_20_5,20×20,20,20,2,230902219,200000,2449,2787.57328,83.36119034347985,3192,10000,20000,numpy_quicksort,0.2541387539999959,True,10,10
Ta20_20_5,20×20,20,20,3,230903228,200000,2454,2787.667845,82.76594450052401,3146,10000,20000,numpy_quicksort,0.2654469959998096,True,10,10
Ta20_20_5,20×20,20,20,4,230904237,200000,2457,2787.614375,83.05828809791039,3213,10000,20000,numpy_quicksort,0.2601465140000982,True,10,10
Ta20_20_5,20×20,20,20,5,230905246,200000,2468,2787.29608,83.24307534973447,3175,10000,20000,numpy_quicksort,0.3108606679998047,True,10,10
Ta20_20_6,20×20,20,20,1,231001210,200000,2344,2692.528505,83.13433943958985,3124,10000,20000,numpy_quicksort,0.3831394520002504,True,10,10
Ta20_20_6,20×20,20,20,2,231002219,200000,2388,2692.24555,82.97703713161224,3065,10000,20000,numpy_quicksort,0.2471411239998815,True,10,10
Ta20_20_6,20×20,20,20,3,231003228,200000,2364,2692.542895,82.91670492680443,3055,10000,20000,numpy_quicksort,0.2549996550001197,True,10,10
Ta20_20_6,20×20,20,20,4,231004237,200000,2388,2692.490195,82.72637911894238,3090,10000,20000,numpy_quicksort,0.2452464670000154,True,10,10
Ta20_20_6,20×20,20,20,5,231005246,200000,2380,2692.50795,82.81809796768007,3070,10000,20000,numpy_quicksort,0.2641794670003037,True,10,10
Ta20_20_7,20×20,20,20,1,231101210,200000,2409,2719.26225,81.33792955461445,3102,10000,20000,numpy_quicksort,0.2474984109999241,True,10,10
Ta20_20_7,20×20,20,20,2,231102219,200000,2405,2719.23771,81.22341140440174,3157,10000,20000,numpy_quicksort,0.2423036850000244,True,10,10
Ta20_20_7,20×20,20,20,3,231103228,200000,2423,2719.548805,81.27194462861642,3099,10000,20000,numpy_quicksort,0.2353132689995618,True,10,10
Ta20_20_7,20×20,20,20,4,231104237,200000,2408,2719.15276,81.43887355454413,3162,10000,20000,numpy_quicksort,0.2881589039998289,True,10,10
Ta20_20_7,20×20,20,20,5,231105246,200000,2411,2719.2415,81.225612252235,3119,10000,20000,numpy_quicksort,0.3085012810001899,True,10,10
Ta20_20_8,20×20,20,20,1,231201210,200000,2359,2675.93305,84.51151287651015,3054,10000,20000,numpy_quicksort,0.2521963359999972,True,10,10
Ta20_20_8,20×20,20,20,2,231202219,200000,2360,2675.645025,84.39542286573591,3054,10000,20000,numpy_quicksort,0.2344432330000927,True,10,10
Ta20_20_8,20×20,20,20,3,231203228,200000,2346,2675.51447,84.1983642207008,3058,10000,20000,numpy_quicksort,0.2544096080000599,True,10,10
Ta20_20_8,20×20,20,20,4,231204237,200000,2347,2675.304345,84.45522625952279,3106,10000,20000,numpy_quicksort,0.1963840590001382,True,10,10
Ta20_20_8,20×20,20,20,5,231205246,200000,2371,2676.05328,84.21029057132382,3057,10000,20000,numpy_quicksort,0.180871444999866,True,10,10
Ta20_20_9,20×20,20,20,1,231301210,200000,2412,2770.85795,91.70015695947,3164,10000,20000,numpy_quicksort,0.1788921830002436,True,10,10
Ta20_20_9,20×20,20,20,2,231302219,200000,2425,2770.73318,91.62853674500826,3192,10000,20000,numpy_quicksort,0.2435829050000393,True,10,10
Ta20_20_9,20×20,20,20,3,231303228,200000,2423,2770.61403,91.6364589743742,3180,10000,20000,numpy_quicksort,0.2716994630000044,True,10,10
Ta20_20_9,20×20,20,20,4,231304237,200000,2402,2771.09428,91.4913692904138,3231,10000,20000,numpy_quicksort,0.2338714089996756,True,10,10
Ta20_20_9,20×20,20,20,5,231305246,200000,2420,2770.8966,91.73969287770832,3220,10000,20000,numpy_quicksort,0.2427047959999981,True,10,10
Ta20_20_10,20×20,20,20,1,231401210,200000,2382,2718.319765,90.58527007080426,3136,10000,20000,numpy_quicksort,0.2398389129998577,True,10,10
Ta20_20_10,20×20,20,20,2,231402219,200000,2374,2718.509785,90.54157052500106,3142,10000,20000,numpy_quicksort,0.2842724279998947,True,10,10
Ta20_20_10,20×20,20,20,3,231403228,200000,2389,2718.641335,90.70046938849606,3182,10000,20000,numpy_quicksort,0.286085107999952,True,10,10
Ta20_20_10,20×20,20,20,4,231404237,200000,2376,2718.648915,90.721634224684,3125,10000,20000,numpy_quicksort,0.2727342339999268,True,10,10
Ta20_20_10,20×20,20,20,5,231405246,200000,2365,2718.738035,90.81236580866998,3160,10000,20000,numpy_quicksort,0.1996310890003769,True,10,10
Ta50_5_1,50×5,50,5,1,505001210,500000,2762,3189.099966,120.4264495775673,3876,25000,50000,numpy_quicksort,1.492603930999849,True,10,10
Ta50_5_1,50×5,50,5,2,505002219,500000,2782,3189.253682,120.4571104388354,3929,25000,50000,numpy_quicksort,0.8665464330001669,True,10,10
Ta50_5_1,50×5,50,5,3,505003228,500000,2775,3189.260546,120.29379838951692,3871,25000,50000,numpy_quicksort,0.9147523819997332,True,10,10
Ta50_5_1,50×5,50,5,4,505004237,500000,2774,3189.321036,120.63088214676272,3857,25000,50000,numpy_quicksort,1.1995762319997991,True,10,10
Ta50_5_1,50×5,50,5,5,505005246,500000,2781,3189.200524,120.46924111905716,3877,25000,50000,numpy_quicksort,0.9179162469999936,True,10,10
Ta50_5_2,50×5,50,5,1,505101210,500000,2967,3346.827,108.1089366615192,3911,25000,50000,numpy_quicksort,0.960663385999851,True,10,10
Ta50_5_2,50×5,50,5,2,505102219,500000,2962,3346.693006,108.04663452803344,4002,25000,50000,numpy_quicksort,0.9626699899999948,True,10,10
Ta50_5_2,50×5,50,5,3,505103228,500000,2972,3346.7433,108.02217760576625,3966,25000,50000,numpy_quicksort,1.1089971010001136,True,10,10
Ta50_5_2,50×5,50,5,4,505104237,500000,2966,3346.997628,108.0974966801322,3910,25000,50000,numpy_quicksort,1.12448611300033,True,10,10
Ta50_5_2,50×5,50,5,5,505105246,500000,2972,3346.786318,108.17481284283852,3895,25000,50000,numpy_quicksort,0.9101157340001008,True,10,10
Ta50_5_3,50×5,50,5,1,505201210,500000,2726,3109.342432,112.10017570559005,3705,25000,50000,numpy_quicksort,1.1175216810001984,True,10,10
Ta50_5_3,50×5,50,5,2,505202219,500000,2698,3109.350012,111.84071714850492,3703,25000,50000,numpy_quicksort,0.7787265370002387,True,10,10
Ta50_5_3,50×5,50,5,3,505203228,500000,2722,3109.591092,111.903010159758,3708,25000,50000,numpy_quicksort,0.9575186359998042,True,10,10
Ta50_5_3,50×5,50,5,4,505204237,500000,2716,3109.096778,111.68793139998051,3657,25000,50000,numpy_quicksort,1.051380047999828,True,10,10
Ta50_5_3,50×5,50,5,5,505205246,500000,2693,3109.396814,112.26826080853915,3718,25000,50000,numpy_quicksort,1.0977178880002612,True,10,10
Ta50_5_4,50×5,50,5,1,505301210,500000,2886,3261.597956,109.07166135104336,3776,25000,50000,numpy_quicksort,1.121762880999995,True,10,10
Ta50_5_4,50×5,50,5,2,505302219,500000,2889,3261.56014,109.04132313577594,3823,25000,50000,numpy_quicksort,1.0874499990000004,True,10,10
Ta50_5_4,50×5,50,5,3,505303228,500000,2870,3261.492988,108.90430863436366,3873,25000,50000,numpy_quicksort,0.9658176600000844,True,10,10
Ta50_5_4,50×5,50,5,4,505304237,500000,2857,3261.801756,108.98239763210594,3875,25000,50000,numpy_quicksort,0.8527829979998387,True,10,10
Ta50_5_4,50×5,50,5,5,505305246,500000,2872,3261.761204,109.13944009067092,3851,25000,50000,numpy_quicksort,0.9693925510000554,True,10,10
Ta50_5_5,50×5,50,5,1,505401210,500000,2940,3314.632994,112.00090712580123,3923,25000,50000,numpy_quicksort,0.9658122360001472,True,10,10
Ta50_5_5,50×5,50,5,2,505402219,500000,2929,3314.85198,111.63733767817078,3911,25000,50000,numpy_quicksort,1.1496785060003276,True,10,10
Ta50_5_5,50×5,50,5,3,505403228,500000,2927,3314.573388,111.92768464421408,3897,25000,50000,numpy_quicksort,0.6421406160002334,True,10,10
Ta50_5_5,50×5,50,5,4,505404237,500000,2939,3314.480818,111.82145126998132,3918,25000,50000,numpy_quicksort,0.5385688780002056,True,10,10
Ta50_5_5,50×5,50,5,5,505405246,500000,2918,3314.425132,111.76546331412112,3915,25000,50000,numpy_quicksort,0.6406669689999944,True,10,10
Ta50_5_6,50×5,50,5,1,505501210,500000,2940,3293.526386,99.7375542859282,3838,25000,50000,numpy_quicksort,0.5609123920003185,True,10,10
Ta50_5_6,50×5,50,5,2,505502219,500000,2924,3293.589104,99.55051082282598,3872,25000,50000,numpy_quicksort,0.5348923249998734,True,10,10
Ta50_5_6,50×5,50,5,3,505503228,500000,2933,3293.49895,99.50533926138128,3860,25000,50000,numpy_quicksort,0.576423361000252,True,10,10
Ta50_5_6,50×5,50,5,4,505504237,500000,2910,3293.394688,99.47133069620573,3775,25000,50000,numpy_quicksort,0.6617160039995724,True,10,10
Ta50_5_6,50×5,50,5,5,505505246,500000,2948,3293.706912,99.53939692205962,3822,25000,50000,numpy_quicksort,0.546329538000009,True,10,10
Ta50_5_7,50×5,50,5,1,505601210,500000,2841,3182.122364,96.41483984685236,3718,25000,50000,numpy_quicksort,0.5209527479996723,True,10,10
Ta50_5_7,50×5,50,5,2,505602219,500000,2858,3182.34447,96.43820678068704,3770,25000,50000,numpy_quicksort,0.5568276970002444,True,10,10
Ta50_5_7,50×5,50,5,3,505603228,500000,2850,3182.143876,96.21690624356366,3705,25000,50000,numpy_quicksort,0.6325092729998687,True,10,10
Ta50_5_7,50×5,50,5,4,505604237,500000,2825,3182.029488,96.35701074548182,3690,25000,50000,numpy_quicksort,0.5610736959997666,True,10,10
Ta50_5_7,50×5,50,5,5,505605246,500000,2851,3182.146484,96.18019396787037,3729,25000,50000,numpy_quicksort,0.5012276110001039,True,10,10
Ta50_5_8,50×5,50,5,1,505701210,500000,2816,3198.039448,108.86829290691436,3763,25000,50000,numpy_quicksort,0.5623290789999373,True,10,10
Ta50_5_8,50×5,50,5,2,505702219,500000,2806,3197.972968,108.73237537518384,3809,25000,50000,numpy_quicksort,0.6610109480002393,True,10,10
Ta50_5_8,50×5,50,5,3,505703228,500000,2808,3198.015666,108.99625702263602,3758,25000,50000,numpy_quicksort,0.5165982580001582,True,10,10
Ta50_5_8,50×5,50,5,4,505704237,500000,2806,3197.928868,108.82210305236156,3806,25000,50000,numpy_quicksort,0.4985306140001739,True,10,10
Ta50_5_8,50×5,50,5,5,505705246,500000,2809,3197.913928,109.0446764271128,3793,25000,50000,numpy_quicksort,0.5209153430000697,True,10,10
Ta50_5_9,50×5,50,5,1,505801210,500000,2667,3013.74613,99.8702837092708,3550,25000,50000,numpy_quicksort,0.5622557380002036,True,10,10
Ta50_5_9,50×5,50,5,2,505802219,500000,2678,3013.377976,99.95946899586006,3560,25000,50000,numpy_quicksort,0.5563849870000013,True,10,10
Ta50_5_9,50×5,50,5,3,505803228,500000,2676,3013.731758,99.91414747623664,3579,25000,50000,numpy_quicksort,0.4951104400001895,True,10,10
Ta50_5_9,50×5,50,5,4,505804237,500000,2672,3013.597264,100.09745866262922,3556,25000,50000,numpy_quicksort,0.5481004590001248,True,10,10
Ta50_5_9,50×5,50,5,5,505805246,500000,2663,3013.633214,99.93985502280584,3515,25000,50000,numpy_quicksort,0.6330420220001542,True,10,10
Ta50_5_10,50×5,50,5,1,505901210,500000,2876,3255.861434,111.90306532913075,3872,25000,50000,numpy_quicksort,0.5234553319996849,True,10,10
Ta50_5_10,50×5,50,5,2,505902219,500000,2856,3255.678296,111.89867263360304,3808,25000,50000,numpy_quicksort,0.6233888159999879,True,10,10
Ta50_5_10,50×5,50,5,3,505903228,500000,2853,3255.928418,111.71813645018118,3798,25000,50000,numpy_quicksort,0.5943636950000837,True,10,10
Ta50_5_10,50×5,50,5,4,505904237,500000,2862,3255.79934,111.83742623462064,3880,25000,50000,numpy_quicksort,0.6658332930001052,True,10,10
Ta50_5_10,50×5,50,5,5,505905246,500000,2831,3255.721426,111.78226611174314,3868,25000,50000,numpy_quicksort,0.5025766470002964,True,10,10
Ta50_10_1,50×10,50,10,1,510101210,500000,3374,3837.232274,115.11758768714238,4459,25000,50000,deterministic,1.3498284049996985,True,10,10
Ta50_10_1,50×10,50,10,2,510102219,500000,3355,3837.143474,114.8876326831901,4444,25000,50000,deterministic,0.7689242559999911,True,10,10
Ta50_10_1,50×10,50,10,3,510103228,500000,3384,3837.21261,115.0168742956904,4449,25000,50000,deterministic,0.7322112070000912,True,10,10
Ta50_10_1,50×10,50,10,4,510104237,500000,3394,3837.079922,114.9809221727624,4442,25000,50000,deterministic,1.04103505699959,True,10,10
Ta50_10_1,50×10,50,10,5,510105246,500000,3392,3837.03105,115.0281763085036,4460,25000,50000,deterministic,0.9290364910002608,True,10,10
Ta50_10_2,50×10,50,10,1,510201210,500000,3259,3700.184912,110.58129281210678,4303,25000,50000,deterministic,0.7993658919999689,True,10,10
Ta50_10_2,50×10,50,10,2,510202219,500000,3276,3700.118308,110.67632697969265,4301,25000,50000,deterministic,0.8522451830003774,True,10,10
Ta50_10_2,50×10,50,10,3,510203228,500000,3274,3700.249118,110.58108083471129,4259,25000,50000,deterministic,0.6816307100002632,True,10,10
Ta50_10_2,50×10,50,10,4,510204237,500000,3275,3699.931572,110.72612608665948,4260,25000,50000,deterministic,1.0022596099997827,True,10,10
Ta50_10_2,50×10,50,10,5,510205246,500000,3278,3700.329702,110.63068777192588,4246,25000,50000,deterministic,0.9675072,True,10,10
Ta50_10_3,50×10,50,10,1,510301210,500000,3287,3712.379554,113.64764710426904,4393,25000,50000,deterministic,0.7812382570000409,True,10,10
Ta50_10_3,50×10,50,10,2,510302219,500000,3276,3712.312498,113.68203450945948,4320,25000,50000,deterministic,1.0325109230002454,True,10,10
Ta50_10_3,50×10,50,10,3,510303228,500000,3292,3712.25502,113.63414609279164,4422,25000,50000,deterministic,0.9086848990000362,True,10,10
Ta50_10_3,50×10,50,10,4,510304237,500000,3276,3712.195958,113.58111952170422,4312,25000,50000,deterministic,0.9244377240001996,True,10,10
Ta50_10_3,50×10,50,10,5,510305246,500000,3264,3712.169636,113.5721649212552,4310,25000,50000,deterministic,0.8795609129997501,True,10,10
Ta50_10_4,50×10,50,10,1,510401210,500000,3369,3841.925642,113.85117276983544,4443,25000,50000,deterministic,0.7983757849997346,True,10,10
Ta50_10_4,50×10,50,10,2,510402219,500000,3402,3841.905462,114.17112382147066,4416,25000,50000,deterministic,0.7546922100000302,True,10,10
Ta50_10_4,50×10,50,10,3,510403228,500000,3410,3841.785094,114.2561604393897,4423,25000,50000,deterministic,0.7891751070001192,True,10,10
Ta50_10_4,50×10,50,10,4,510404237,500000,3395,3841.87757,114.12809250722673,4431,25000,50000,deterministic,0.7295720010001787,True,10,10
Ta50_10_4,50×10,50,10,5,510405246,500000,3373,3842.176748,114.25219887281992,4449,25000,50000,deterministic,0.9116209149997304,True,10,10
Ta50_10_5,50×10,50,10,1,510501210,500000,3403,3817.840726,114.9265605594354,4423,25000,50000,deterministic,0.8267464940004174,True,10,10
Ta50_10_5,50×10,50,10,2,510502219,500000,3381,3817.85274,114.83410054610825,4461,25000,50000,deterministic,0.7541513119999763,True,10,10
Ta50_10_5,50×10,50,10,3,510503228,500000,3368,3817.945298,114.79770476240904,4391,25000,50000,deterministic,0.7949857489998067,True,10,10
Ta50_10_5,50×10,50,10,4,510504237,500000,3314,3817.480182,114.74450662167,4383,25000,50000,deterministic,0.8414364649997879,True,10,10
Ta50_10_5,50×10,50,10,5,510505246,500000,3376,3817.924696,114.69908913792509,4406,25000,50000,deterministic,0.5193362320001143,True,10,10
Ta50_10_6,50×10,50,10,1,510601210,500000,3386,3813.622866,112.7063382130011,4426,25000,50000,deterministic,0.9965912699999536,True,10,10
Ta50_10_6,50×10,50,10,2,510602219,500000,3377,3813.528588,113.1366270600243,4416,25000,50000,deterministic,0.449246846999813,True,10,10
Ta50_10_6,50×10,50,10,3,510603228,500000,3346,3813.497986,112.9336345645328,4454,25000,50000,deterministic,0.458256768999945,True,10,10
Ta50_10_6,50×10,50,10,4,510604237,500000,3348,3813.699906,113.1173320258782,4356,25000,50000,deterministic,0.48278695099998,True,10,10
Ta50_10_6,50×10,50,10,5,510605246,500000,3385,3813.45747,112.83398070711458,4374,25000,50000,deterministic,0.5506844740002634,True,10,10
Ta50_10_7,50×10,50,10,1,510701210,500000,3414,3843.68246,110.09002610580168,4453,25000,50000,deterministic,0.4455443090000699,True,10,10
Ta50_10_7,50×10,50,10,2,510702219,500000,3414,3843.796228,110.37806211202118,4440,25000,50000,deterministic,0.4504651910001485,True,10,10
Ta50_10_7,50×10,50,10,3,510703228,500000,3404,3843.9616,110.1346655904903,4454,25000,50000,deterministic,0.4365110290000302,True,10,10
Ta50_10_7,50×10,50,10,4,510704237,500000,3411,3843.706176,110.27068202701774,4380,25000,50000,deterministic,0.5321804909999628,True,10,10
Ta50_10_7,50×10,50,10,5,510705246,500000,3432,3843.680506,110.19745498214616,4410,25000,50000,deterministic,0.4393928170002255,True,10,10
Ta50_10_8,50×10,50,10,1,510801210,500000,3348,3769.413918,105.52633057916005,4337,25000,50000,deterministic,0.4760253490003379,True,10,10
Ta50_10_8,50×10,50,10,2,510802219,500000,3378,3769.287772,105.50055279480434,4292,25000,50000,deterministic,0.420845776999613,True,10,10
Ta50_10_8,50×10,50,10,3,510803228,500000,3335,3769.310366,105.66692611193244,4334,25000,50000,deterministic,0.4405586110001422,True,10,10
Ta50_10_8,50×10,50,10,4,510804237,500000,3353,3769.016948,105.64872266180264,4331,25000,50000,deterministic,0.5846253780000552,True,10,10
Ta50_10_8,50×10,50,10,5,510805246,500000,3366,3769.173834,105.4065350953902,4428,25000,50000,deterministic,0.4576097110002592,True,10,10
Ta50_10_9,50×10,50,10,1,510901210,500000,3271,3751.548548,118.57912752719454,4375,25000,50000,deterministic,0.4290591649996713,True,10,10
Ta50_10_9,50×10,50,10,2,510902219,500000,3294,3751.516916,118.8908239180172,4386,25000,50000,deterministic,0.4039217819999976,True,10,10
Ta50_10_9,50×10,50,10,3,510903228,500000,3276,3751.49654,118.76227622012348,4351,25000,50000,deterministic,0.5254460969999855,True,10,10
Ta50_10_9,50×10,50,10,4,510904237,500000,3272,3751.522156,118.84277176303348,4333,25000,50000,deterministic,0.4131392869999217,True,10,10
Ta50_10_9,50×10,50,10,5,510905246,500000,3288,3751.661902,118.87457575979786,4357,25000,50000,deterministic,0.3926899439998124,True,10,10
Ta50_10_10,50×10,50,10,1,511001210,500000,3404,3834.735242,104.65801268799572,4408,25000,50000,deterministic,0.4308018709998578,True,10,10
Ta50_10_10,50×10,50,10,2,511002219,500000,3404,3834.567218,105.09844490337008,4446,25000,50000,deterministic,0.4668566699997427,True,10,10
Ta50_10_10,50×10,50,10,3,511003228,500000,3421,3834.90554,104.866775059546,4409,25000,50000,deterministic,0.5790369189999183,True,10,10
Ta50_10_10,50×10,50,10,4,511004237,500000,3456,3834.671604,104.6758260064103,4416,25000,50000,deterministic,0.4446043259999896,True,10,10
Ta50_10_10,50×10,50,10,5,511005246,500000,3443,3834.66893,104.92767597869243,4373,25000,50000,deterministic,0.4346440919998713,True,10,10
Ta50_20_1,50×20,50,20,1,410201210,500000,4397,4875.277798,112.90092702679569,5433,25000,50000,numpy_quicksort,1.502464957999564,True,10,10
Ta50_20_1,50×20,50,20,2,410202219,500000,4333,4875.442186,113.02153844855286,5487,25000,50000,numpy_quicksort,1.4259082899998248,True,10,10
Ta50_20_1,50×20,50,20,3,410203228,500000,4402,4875.502476,112.8422931202466,5432,25000,50000,numpy_quicksort,1.3255530129999895,True,10,10
Ta50_20_1,50×20,50,20,4,410204237,500000,4385,4875.655452,113.13326770206992,5425,25000,50000,numpy_quicksort,1.2366230239999825,True,10,10
Ta50_20_1,50×20,50,20,5,410205246,500000,4381,4875.55599,112.93785802395692,5469,25000,50000,numpy_quicksort,1.2198882409998075,True,10,10
Ta50_20_2,50×20,50,20,1,410301210,500000,4234,4716.75881,114.9805589760364,5305,25000,50000,numpy_quicksort,1.0781523390000984,True,10,10
Ta50_20_2,50×20,50,20,2,410302219,500000,4245,4716.678836,115.05267923835196,5377,25000,50000,numpy_quicksort,1.281907358999888,True,10,10
Ta50_20_2,50×20,50,20,3,410303228,500000,4228,4716.44051,115.1464642025813,5310,25000,50000,numpy_quicksort,1.1697757639999509,True,10,10
Ta50_20_2,50×20,50,20,4,410304237,500000,4252,4717.010714,114.9646685941392,5294,25000,50000,numpy_quicksort,1.2202751009999702,True,10,10
Ta50_20_2,50×20,50,20,5,410305246,500000,4262,4716.422422,115.00382994237938,5276,25000,50000,numpy_quicksort,1.1095334909996382,True,10,10
Ta50_20_3,50×20,50,20,1,410401210,500000,4221,4687.009002,117.00115652208422,5336,25000,50000,numpy_quicksort,1.1839040889999524,True,10,10
Ta50_20_3,50×20,50,20,2,410402219,500000,4189,4687.255672,117.01749232493164,5274,25000,50000,numpy_quicksort,1.194856947000062,True,10,10
Ta50_20_3,50×20,50,20,3,410403228,500000,4211,4687.095604,116.9048562950489,5281,25000,50000,numpy_quicksort,1.1575916869996945,True,10,10
Ta50_20_3,50×20,50,20,4,410404237,500000,4188,4687.037446,116.87853349944236,5329,25000,50000,numpy_quicksort,1.204326248000143,True,10,10
Ta50_20_3,50×20,50,20,5,410405246,500000,4211,4687.529306,117.03694680079532,5376,25000,50000,numpy_quicksort,1.1063266030000705,True,10,10
Ta50_20_4,50×20,50,20,1,410501210,500000,4260,4710.882922,105.66706329693493,5254,25000,50000,numpy_quicksort,1.2277863549998074,True,10,10
Ta50_20_4,50×20,50,20,2,410502219,500000,4228,4710.543716,105.71389072285972,5254,25000,50000,numpy_quicksort,0.6585971979998249,True,10,10
Ta50_20_4,50×20,50,20,3,410503228,500000,4260,4710.603716,105.79377507035578,5254,25000,50000,numpy_quicksort,1.2415182099998674,True,10,10
Ta50_20_4,50×20,50,20,4,410504237,500000,4293,4710.86857,105.9199479334551,5253,25000,50000,numpy_quicksort,1.1869865460002984,True,10,10
Ta50_20_4,50×20,50,20,5,410505246,500000,4290,4710.74744,105.7738022463071,5253,25000,50000,numpy_quicksort,1.212430597999628,True,10,10
Ta50_20_5,50×20,50,20,1,410601210,500000,4213,4718.59035,118.73921311377704,5338,25000,50000,numpy_quicksort,0.9535072480002782,True,10,10
Ta50_20_5,50×20,50,20,2,410602219,500000,4210,4718.201618,118.6535004518974,5371,25000,50000,numpy_quicksort,0.9848671899999316,True,10,10
Ta50_20_5,50×20,50,20,3,410603228,500000,4193,4718.563236,118.53687869684912,5296,25000,50000,numpy_quicksort,1.1283130490000983,True,10,10
Ta50_20_5,50×20,50,20,4,410604237,500000,4254,4718.366016,118.64491177255738,5291,25000,50000,numpy_quicksort,1.1696661040000436,True,10,10
Ta50_20_5,50×20,50,20,5,410605246,500000,4250,4718.19068,118.31084090668848,5311,25000,50000,numpy_quicksort,1.172922254000241,True,10,10
Ta50_20_6,50×20,50,20,1,410701210,500000,4252,4728.56584,120.42553563806004,5328,25000,50000,numpy_quicksort,1.0964835310001035,True,10,10
Ta50_20_6,50×20,50,20,2,410702219,500000,4233,4728.67743,120.65235701210982,5380,25000,50000,numpy_quicksort,1.122138404999987,True,10,10
Ta50_20_6,50×20,50,20,3,410703228,500000,4258,4728.619046,120.3351632614213,5334,25000,50000,numpy_quicksort,1.0791294959999504,True,10,10
Ta50_20_6,50×20,50,20,4,410704237,500000,4224,4728.731174,120.57218573902388,5327,25000,50000,numpy_quicksort,1.1114299070000015,True,10,10
Ta50_20_6,50×20,50,20,5,410705246,500000,4254,4728.701886,120.52711606777298,5330,25000,50000,numpy_quicksort,1.1287349879999056,True,10,10
Ta50_20_7,50×20,50,20,1,410801210,500000,4257,4775.752846,120.6913969333642,5391,25000,50000,numpy_quicksort,1.1214307459999873,True,10,10
Ta50_20_7,50×20,50,20,2,410802219,500000,4222,4775.711914,120.65558947682096,5385,25000,50000,numpy_quicksort,1.144634309999674,True,10,10
Ta50_20_7,50×20,50,20,3,410803228,500000,4311,4775.5048,120.69893438396844,5352,25000,50000,numpy_quicksort,1.0831388609999522,True,10,10
Ta50_20_7,50×20,50,20,4,410804237,500000,4291,4775.603588,120.64420269359628,5416,25000,50000,numpy_quicksort,1.128428655999869,True,10,10
Ta50_20_7,50×20,50,20,5,410805246,500000,4268,4775.832046,120.56655888779495,5395,25000,50000,numpy_quicksort,1.2472379490000094,True,10,10
Ta50_20_8,50×20,50,20,1,410901210,500000,4282,4762.34925,119.16003595445008,5435,25000,50000,numpy_quicksort,1.0683747889997903,True,10,10
Ta50_20_8,50×20,50,20,2,410902219,500000,4266,4762.367068,119.06457992968257,5380,25000,50000,numpy_quicksort,1.0439129490000596,True,10,10
Ta50_20_8,50×20,50,20,3,410903228,500000,4291,4762.531678,119.2995754949771,5399,25000,50000,numpy_quicksort,1.1194579409998369,True,10,10
Ta50_20_8,50×20,50,20,4,410904237,500000,4264,4762.448408,119.18090982386428,5343,25000,50000,numpy_quicksort,1.0251346750001176,True,10,10
Ta50_20_8,50×20,50,20,5,410905246,500000,4263,4762.312656,119.16169104726104,5385,25000,50000,numpy_quicksort,1.157016904000102,True,10,10
Ta50_20_9,50×20,50,20,1,411001210,500000,4307,4751.510458,112.84719269706284,5325,25000,50000,numpy_quicksort,1.1646187249998547,True,10,10
Ta50_20_9,50×20,50,20,2,411002219,500000,4273,4751.137916,112.82497490417124,5375,25000,50000,numpy_quicksort,1.0862497829998574,True,10,10
Ta50_20_9,50×20,50,20,3,411003228,500000,4289,4750.829054,112.748325929191,5312,25000,50000,numpy_quicksort,1.0597165290000703,True,10,10
Ta50_20_9,50×20,50,20,4,411004237,500000,4313,4751.29521,112.66899737577252,5338,25000,50000,numpy_quicksort,1.1352484960002585,True,10,10
Ta50_20_9,50×20,50,20,5,411005246,500000,4252,4751.226312,112.84841532076707,5298,25000,50000,numpy_quicksort,1.0717687700002898,True,10,10
Ta50_20_10,50×20,50,20,1,411101210,500000,4319,4816.846426,114.89648560087176,5390,25000,50000,numpy_quicksort,1.2222910489999776,True,10,10
Ta50_20_10,50×20,50,20,2,411102219,500000,4343,4816.680162,114.82865559125058,5456,25000,50000,numpy_quicksort,1.1679042030000346,True,10,10
Ta50_20_10,50×20,50,20,3,411103228,500000,4340,4816.689354,114.87521071880894,5404,25000,50000,numpy_quicksort,1.0681306020001102,True,10,10
Ta50_20_10,50×20,50,20,4,411104237,500000,4357,4816.646154,114.60355767147522,5389,25000,50000,numpy_quicksort,1.0650825220000115,True,10,10
Ta50_20_10,50×20,50,20,5,411105246,500000,4328,4816.686118,114.83633889522748,5429,25000,50000,numpy_quicksort,1.1997412420000728,True,10,10
Ta100_5_1,100×5,100,5,1,170501210,1000000,5579,6144.167658,154.4586474700229,6983,50000,100000,numpy_quicksort,4.257481740999992,True,10,10
Ta100_5_1,100×5,100,5,2,170502219,1000000,5612,6144.626069,154.6123661858618,7072,50000,100000,numpy_quicksort,3.106315865000397,True,10,10
Ta100_5_1,100×5,100,5,3,170503228,1000000,5540,6144.372547,154.5157620595825,7010,50000,100000,numpy_quicksort,3.2097807169998305,True,10,10
Ta100_5_1,100×5,100,5,4,170504237,1000000,5587,6144.150441,154.86827431300418,6960,50000,100000,numpy_quicksort,3.349625052999727,True,10,10
Ta100_5_1,100×5,100,5,5,170505246,1000000,5591,6144.149099,154.69664778378694,7028,50000,100000,numpy_quicksort,2.9312564860001658,True,10,10
Ta100_5_2,100×5,100,5,1,170601210,1000000,5435,5964.039707,152.1475493960745,6836,50000,100000,numpy_quicksort,3.154851762000362,True,10,10
Ta100_5_2,100×5,100,5,2,170602219,1000000,5410,5963.884175,152.2654595380697,6813,50000,100000,numpy_quicksort,3.017022132999955,True,10,10
Ta100_5_2,100×5,100,5,3,170603228,1000000,5412,5963.923718,152.18085033297615,6818,50000,100000,numpy_quicksort,3.025726478999786,True,10,10
Ta100_5_2,100×5,100,5,4,170604237,1000000,5394,5964.299635,152.055056300693,6824,50000,100000,numpy_quicksort,3.106960827999956,True,10,10
Ta100_5_2,100×5,100,5,5,170605246,1000000,5384,5964.253516,152.1628115117454,6748,50000,100000,numpy_quicksort,3.0336112660002077,True,10,10
Ta100_5_3,100×5,100,5,1,170701210,1000000,5332,5855.310272,143.893095812513,6722,50000,100000,numpy_quicksort,4.106116450000172,True,10,10
Ta100_5_3,100×5,100,5,2,170702219,1000000,5346,5855.18866,143.75009441907872,6705,50000,100000,numpy_quicksort,3.315038403000017,True,10,10
Ta100_5_3,100×5,100,5,3,170703228,1000000,5344,5855.264271,143.77918563649183,6655,50000,100000,numpy_quicksort,3.0506159249998746,True,10,10
Ta100_5_3,100×5,100,5,4,170704237,1000000,5365,5855.471699,143.90171882489133,6652,50000,100000,numpy_quicksort,3.02925584500008,True,10,10
Ta100_5_3,100×5,100,5,5,170705246,1000000,5339,5855.316576,143.7791063196167,6639,50000,100000,numpy_quicksort,3.20708736000006,True,10,10
Ta100_5_4,100×5,100,5,1,170801210,1000000,5162,5682.028731,147.1755762420514,6539,50000,100000,numpy_quicksort,2.9574089990001085,True,10,10
Ta100_5_4,100×5,100,5,2,170802219,1000000,5171,5682.232728,147.28025163324014,6481,50000,100000,numpy_quicksort,2.9611700840000594,True,10,10
Ta100_5_4,100×5,100,5,3,170803228,1000000,5165,5682.055777,147.18377339567505,6571,50000,100000,numpy_quicksort,3.1196462029997747,True,10,10
Ta100_5_4,100×5,100,5,4,170804237,1000000,5142,5682.549221,147.24366344936405,6514,50000,100000,numpy_quicksort,3.123395033000179,True,10,10
Ta100_5_4,100×5,100,5,5,170805246,1000000,5167,5682.059321,147.155183832127,6500,50000,100000,numpy_quicksort,3.0559595209997497,True,10,10
Ta100_5_5,100×5,100,5,1,170901210,1000000,5401,5943.622903,144.80064730545942,6905,50000,100000,numpy_quicksort,3.760848782999801,True,10,10
Ta100_5_5,100×5,100,5,2,170902219,1000000,5402,5942.646762,144.31991102807706,6734,50000,100000,numpy_quicksort,2.924515247000272,True,10,10
Ta100_5_5,100×5,100,5,3,170903228,1000000,5445,5943.226239,144.7374017931452,6755,50000,100000,numpy_quicksort,2.8946718160000278,True,10,10
Ta100_5_5,100×5,100,5,4,170904237,1000000,5432,5943.311602,144.74232944973468,6755,50000,100000,numpy_quicksort,3.1336854269998184,True,10,10
Ta100_5_5,100×5,100,5,5,170905246,1000000,5434,5943.192598,144.58645972999938,6785,50000,100000,numpy_quicksort,3.0120350639999742,True,10,10
Ta100_5_6,100×5,100,5,1,171001210,1000000,5238,5823.228167,159.4165005651572,6794,50000,100000,numpy_quicksort,3.1005167499997697,True,10,10
Ta100_5_6,100×5,100,5,2,171002219,1000000,5247,5822.937408,159.1637238987972,6741,50000,100000,numpy_quicksort,3.339192198000092,True,10,10
Ta100_5_6,100×5,100,5,3,171003228,1000000,5245,5822.774316,159.24444740563538,6742,50000,100000,numpy_quicksort,3.04259136499968,True,10,10
Ta100_5_6,100×5,100,5,4,171004237,1000000,5248,5823.206914,159.37887895898774,6746,50000,100000,numpy_quicksort,3.4184107940000104,True,10,10
Ta100_5_6,100×5,100,5,5,171005246,1000000,5255,5823.026587,159.3420388598589,6790,50000,100000,numpy_quicksort,3.458935205999751,True,10,10
Ta100_5_7,100×5,100,5,1,171101210,1000000,5372,5941.228154,158.57007558874767,6871,50000,100000,numpy_quicksort,3.8457183479999912,True,10,10
Ta100_5_7,100×5,100,5,2,171102219,1000000,5400,5941.227492,158.72306347976283,6803,50000,100000,numpy_quicksort,3.080862719000379,True,10,10
Ta100_5_7,100×5,100,5,3,171103228,1000000,5384,5941.224437,158.7938407826856,6844,50000,100000,numpy_quicksort,3.1707742079997843,True,10,10
Ta100_5_7,100×5,100,5,4,171104237,1000000,5376,5941.243754,158.6467916246401,6879,50000,100000,numpy_quicksort,2.880498690999957,True,10,10
Ta100_5_7,100×5,100,5,5,171105246,1000000,5416,5941.429947,158.5192848171504,6849,50000,100000,numpy_quicksort,2.848400115000004,True,10,10
Ta100_5_8,100×5,100,5,1,171201210,1000000,5276,5834.058591,156.52473711234288,6642,50000,100000,numpy_quicksort,3.0959083230000037,True,10,10
Ta100_5_8,100×5,100,5,2,171202219,1000000,5283,5833.973204,156.52892901722672,6728,50000,100000,numpy_quicksort,3.197096252999927,True,10,10
Ta100_5_8,100×5,100,5,3,171203228,1000000,5266,5833.755973,156.7956656885134,6710,50000,100000,numpy_quicksort,3.071630563999861,True,10,10
Ta100_5_8,100×5,100,5,4,171204237,1000000,5295,5834.070035,156.6164685172571,6740,50000,100000,numpy_quicksort,3.2205623869999727,True,10,10
Ta100_5_8,100×5,100,5,5,171205246,1000000,5290,5834.232403,156.38978099482458,6732,50000,100000,numpy_quicksort,3.049064357000134,True,10,10
Ta100_5_9,100×5,100,5,1,171301210,1000000,5586,6123.234516,146.87586929365463,6978,50000,100000,numpy_quicksort,4.098797449999438,True,10,10
Ta100_5_9,100×5,100,5,2,171302219,1000000,5613,6123.383292,146.6481892862444,6951,50000,100000,numpy_quicksort,3.023031340999296,True,10,10
Ta100_5_9,100×5,100,5,3,171303228,1000000,5602,6123.476557,146.60693201216054,6955,50000,100000,numpy_quicksort,3.0564577839995763,True,10,10
Ta100_5_9,100×5,100,5,4,171304237,1000000,5593,6123.235713,146.73984363819986,6965,50000,100000,numpy_quicksort,3.6280465789996015,True,10,10
Ta100_5_9,100×5,100,5,5,171305246,1000000,5608,6123.205822,146.51032226631287,6971,50000,100000,numpy_quicksort,3.02289520299928,True,10,10
Ta100_5_10,100×5,100,5,1,171401210,1000000,5484,6085.245424,158.24488728709238,6910,50000,100000,numpy_quicksort,2.95431939899936,True,10,10
Ta100_5_10,100×5,100,5,2,171402219,1000000,5472,6085.542514,158.12112813552451,7033,50000,100000,numpy_quicksort,3.0819069760000275,True,10,10
Ta100_5_10,100×5,100,5,3,171403228,1000000,5521,6085.375906,158.1353872271474,6986,50000,100000,numpy_quicksort,2.917368678999992,True,10,10
Ta100_5_10,100×5,100,5,4,171404237,1000000,5511,6085.404667,158.31671893960728,6933,50000,100000,numpy_quicksort,2.963639124999645,True,10,10
Ta100_5_10,100×5,100,5,5,171405246,1000000,5462,6085.523457,158.39267149084748,7010,50000,100000,numpy_quicksort,2.810582145999433,True,10,10
Ta100_10_1,100×10,100,10,1,180501210,1000000,6335,6915.138182,151.9380746452758,7697,50000,100000,numpy_quicksort,3.4528625249995457,True,10,10
Ta100_10_1,100×10,100,10,2,180502219,1000000,6363,6914.951726,152.0454858831748,7753,50000,100000,numpy_quicksort,2.4741045179998764,True,10,10
Ta100_10_1,100×10,100,10,3,180503228,1000000,6328,6915.218279,152.05689372263623,7718,50000,100000,numpy_quicksort,2.515186354999969,True,10,10
Ta100_10_1,100×10,100,10,4,180504237,1000000,6341,6915.06673,152.11531818386052,7768,50000,100000,numpy_quicksort,2.4534058210001604,True,10,10
Ta100_10_1,100×10,100,10,5,180505246,1000000,6331,6915.102645,152.1233445941679,7801,50000,100000,numpy_quicksort,2.4393632530000104,True,10,10
Ta100_10_2,100×10,100,10,1,180601210,1000000,5944,6551.676753,158.19393748718326,7412,50000,100000,numpy_quicksort,2.436764256999595,True,10,10
Ta100_10_2,100×10,100,10,2,180602219,1000000,5951,6551.570737,158.20692231918017,7455,50000,100000,numpy_quicksort,2.6696450310000728,True,10,10
Ta100_10_2,100×10,100,10,3,180603228,1000000,5929,6551.671166,158.53799033826192,7445,50000,100000,numpy_quicksort,2.5364399950003644,True,10,10
Ta100_10_2,100×10,100,10,4,180604237,1000000,5922,6551.676104,158.183320856986,7430,50000,100000,numpy_quicksort,3.121094491999429,True,10,10
Ta100_10_2,100×10,100,10,5,180605246,1000000,5929,6551.899342,158.3374814588292,7405,50000,100000,numpy_quicksort,2.649619341000289,True,10,10
Ta100_10_3,100×10,100,10,1,180701210,1000000,6139,6732.497888,149.96909327014149,7501,50000,100000,numpy_quicksort,3.4180717350000123,True,10,10
Ta100_10_3,100×10,100,10,2,180702219,1000000,6178,6732.2786,149.8778817952117,7554,50000,100000,numpy_quicksort,2.850083602000268,True,10,10
Ta100_10_3,100×10,100,10,3,180703228,1000000,6143,6732.427693,149.9767782316041,7637,50000,100000,numpy_quicksort,2.3851954699994167,True,10,10
Ta100_10_3,100×10,100,10,4,180704237,1000000,6138,6731.968808,149.9726782679544,7523,50000,100000,numpy_quicksort,2.6256514530005006,True,10,10
Ta100_10_3,100×10,100,10,5,180705246,1000000,6094,6732.29616,149.977030529225,7532,50000,100000,numpy_quicksort,2.7361901679996663,True,10,10
Ta100_10_4,100×10,100,10,1,180801210,1000000,6338,6988.128077,152.9841542887156,7872,50000,100000,numpy_quicksort,2.613839712999834,True,10,10
Ta100_10_4,100×10,100,10,2,180802219,1000000,6407,6988.166383,152.93760224878477,7931,50000,100000,numpy_quicksort,2.482659476000663,True,10,10
Ta100_10_4,100×10,100,10,3,180803228,1000000,6301,6988.131346,152.9140475330315,7872,50000,100000,numpy_quicksort,2.3209075069999017,True,10,10
Ta100_10_4,100×10,100,10,4,180804237,1000000,6356,6988.244931,153.0485782935358,7802,50000,100000,numpy_quicksort,2.5315507309996974,True,10,10
Ta100_10_4,100×10,100,10,5,180805246,1000000,6393,6988.054651,152.92353022957028,7834,50000,100000,numpy_quicksort,2.5162978019998263,True,10,10
Ta100_10_5,100×10,100,10,1,180901210,1000000,6062,6685.83746,155.48768788289792,7644,50000,100000,numpy_quicksort,3.290936370000054,True,10,10
Ta100_10_5,100×10,100,10,2,180902219,1000000,6105,6686.03064,155.464536619811,7573,50000,100000,numpy_quicksort,2.5787552890005827,True,10,10
Ta100_10_5,100×10,100,10,3,180903228,1000000,6079,6685.938179,155.3471362977017,7600,50000,100000,numpy_quicksort,2.412899034000475,True,10,10
Ta100_10_5,100×10,100,10,4,180904237,1000000,6077,6685.951693,155.6875253064268,7642,50000,100000,numpy_quicksort,2.3540577980002126,True,10,10
Ta100_10_5,100×10,100,10,5,180905246,1000000,6095,6685.88393,155.3530331030585,7596,50000,100000,numpy_quicksort,2.603720410999813,True,10,10
Ta100_10_6,100×10,100,10,1,181001210,1000000,5832,6443.38738,159.18584674169185,7349,50000,100000,numpy_quicksort,2.35776784600057,True,10,10
Ta100_10_6,100×10,100,10,2,181002219,1000000,5851,6443.777471,159.03122088688554,7343,50000,100000,numpy_quicksort,2.486278812999444,True,10,10
Ta100_10_6,100×10,100,10,3,181003228,1000000,5852,6443.551086,159.02599766544003,7362,50000,100000,numpy_quicksort,2.411415931999727,True,10,10
Ta100_10_6,100×10,100,10,4,181004237,1000000,5847,6443.856805,159.0318469531192,7316,50000,100000,numpy_quicksort,2.6173650959999577,True,10,10
Ta100_10_6,100×10,100,10,5,181005246,1000000,5816,6443.776996,159.08613097191423,7356,50000,100000,numpy_quicksort,2.683692990000054,True,10,10
Ta100_10_7,100×10,100,10,1,181101210,1000000,6048,6646.986447,152.20206554046808,7681,50000,100000,numpy_quicksort,3.347125457000402,True,10,10
Ta100_10_7,100×10,100,10,2,181102219,1000000,6047,6646.716674,152.16535113708315,7469,50000,100000,numpy_quicksort,2.936820254999475,True,10,10
Ta100_10_7,100×10,100,10,3,181103228,1000000,6051,6646.634338,152.080836188793,7469,50000,100000,numpy_quicksort,2.57667876800042,True,10,10
Ta100_10_7,100×10,100,10,4,181104237,1000000,6081,6646.654424,152.05644222587165,7568,50000,100000,numpy_quicksort,2.4153526099999,True,10,10
Ta100_10_7,100×10,100,10,5,181105246,1000000,6057,6646.898909,152.15554538997162,7651,50000,100000,numpy_quicksort,2.684285350999744,True,10,10
Ta100_10_8,100×10,100,10,1,181201210,1000000,6108,6693.658113,147.78676173191622,7466,50000,100000,numpy_quicksort,2.5000131180004246,True,10,10
Ta100_10_8,100×10,100,10,2,181202219,1000000,6119,6693.53033,147.7654465587889,7512,50000,100000,numpy_quicksort,2.538895405999938,True,10,10
Ta100_10_8,100×10,100,10,3,181203228,1000000,6161,6693.74332,147.56881964674696,7540,50000,100000,numpy_quicksort,2.4155896339998435,True,10,10
Ta100_10_8,100×10,100,10,4,181204237,1000000,6112,6693.51544,147.51046515059102,7512,50000,100000,numpy_quicksort,2.6165115069998137,True,10,10
Ta100_10_8,100×10,100,10,5,181205246,1000000,6118,6693.733312,147.54615384135963,7624,50000,100000,numpy_quicksort,2.7544774509997296,True,10,10
Ta100_10_9,100×10,100,10,1,181301210,1000000,6310,6927.19702,152.400466465893,7718,50000,100000,numpy_quicksort,3.483292765999977,True,10,10
Ta100_10_9,100×10,100,10,2,181302219,1000000,6333,6927.096215,152.67885337041943,7782,50000,100000,numpy_quicksort,2.7207280659995376,True,10,10
Ta100_10_9,100×10,100,10,3,181303228,1000000,6331,6927.251312,152.24163214375105,7811,50000,100000,numpy_quicksort,3.0375029440001526,True,10,10
Ta100_10_9,100×10,100,10,4,181304237,1000000,6324,6927.086471,152.15350742738724,7765,50000,100000,numpy_quicksort,3.109063621000132,True,10,10
Ta100_10_9,100×10,100,10,5,181305246,1000000,6349,6927.347458,152.2375857704685,7802,50000,100000,numpy_quicksort,2.63416971300012,True,10,10
Ta100_10_10,100×10,100,10,1,181401210,1000000,6285,6849.59724,149.16666703079798,7685,50000,100000,numpy_quicksort,2.671463034999761,True,10,10
Ta100_10_10,100×10,100,10,2,181402219,1000000,6273,6849.749115,149.29083340737873,7776,50000,100000,numpy_quicksort,2.635825671999555,True,10,10
Ta100_10_10,100×10,100,10,3,181403228,1000000,6287,6849.753156,149.21038195708016,7630,50000,100000,numpy_quicksort,2.5643903780000983,True,10,10
Ta100_10_10,100×10,100,10,4,181404237,1000000,6295,6849.095202,149.0895712391697,7739,50000,100000,numpy_quicksort,2.7811029160002363,True,10,10
Ta100_10_10,100×10,100,10,5,181405246,1000000,6299,6849.878915,149.34229306041632,7670,50000,100000,numpy_quicksort,2.640977875999852,True,10,10
Ta100_20_1,100×20,100,20,1,190501210,1000000,7217,7811.65112,147.31662617957943,8617,50000,100000,numpy_quicksort,4.395425738000085,True,10,10
Ta100_20_1,100×20,100,20,2,190502219,1000000,7218,7811.679756,147.24962156226923,8697,50000,100000,numpy_quicksort,3.372860534999745,True,10,10
Ta100_20_1,100×20,100,20,3,190503228,1000000,7176,7811.246181,147.04648993629684,8598,50000,100000,numpy_quicksort,3.396040057999926,True,10,10
Ta100_20_1,100×20,100,20,4,190504237,1000000,7182,7811.54052,147.2250385408052,8607,50000,100000,numpy_quicksort,3.243439240000044,True,10,10
Ta100_20_1,100×20,100,20,5,190505246,1000000,7185,7811.646038,147.16182394053487,8638,50000,100000,numpy_quicksort,3.224198478000289,True,10,10
Ta100_20_2,100×20,100,20,1,190601210,1000000,7161,7839.88312,154.88458414025587,8759,50000,100000,numpy_quicksort,3.238009175000116,True,10,10
Ta100_20_2,100×20,100,20,2,190602219,1000000,7193,7839.578561,154.8925414791451,8694,50000,100000,numpy_quicksort,3.3474529489994893,True,10,10
Ta100_20_2,100×20,100,20,3,190603228,1000000,7223,7839.739434,154.93177128405068,8732,50000,100000,numpy_quicksort,3.489244547999988,True,10,10
Ta100_20_2,100×20,100,20,4,190604237,1000000,7198,7839.681686,154.86128051328262,8738,50000,100000,numpy_quicksort,3.2969398940003884,True,10,10
Ta100_20_2,100×20,100,20,5,190605246,1000000,7166,7839.857519,154.9161911395672,8738,50000,100000,numpy_quicksort,4.458037210999464,True,10,10
Ta100_20_3,100×20,100,20,1,190701210,1000000,7205,7821.557214,144.85324948036924,8644,50000,100000,numpy_quicksort,4.354809573000239,True,10,10
Ta100_20_3,100×20,100,20,2,190702219,1000000,7185,7821.423569,144.7707436979947,8628,50000,100000,numpy_quicksort,3.72561302000031,True,10,10
Ta100_20_3,100×20,100,20,3,190703228,1000000,7231,7821.891033,144.78974337729417,8605,50000,100000,numpy_quicksort,3.4175760600001013,True,10,10
Ta100_20_3,100×20,100,20,4,190704237,1000000,7204,7821.658626,144.84605594966007,8584,50000,100000,numpy_quicksort,3.378375892999429,True,10,10
Ta100_20_3,100×20,100,20,5,190705246,1000000,7232,7821.887387,144.9647280481863,8621,50000,100000,numpy_quicksort,3.5964342449997275,True,10,10
Ta100_20_4,100×20,100,20,1,190801210,1000000,7216,7822.780201,152.8608429580215,8654,50000,100000,numpy_quicksort,3.4186704310004643,True,10,10
Ta100_20_4,100×20,100,20,2,190802219,1000000,7216,7823.007862,152.57559764753324,8706,50000,100000,numpy_quicksort,3.449607492000723,True,10,10
Ta100_20_4,100×20,100,20,3,190803228,1000000,7202,7823.09283,152.72430399024293,8687,50000,100000,numpy_quicksort,3.237458980000156,True,10,10
Ta100_20_4,100×20,100,20,4,190804237,1000000,7176,7822.994732,152.7098152789658,8630,50000,100000,numpy_quicksort,4.000465924999844,True,10,10
Ta100_20_4,100×20,100,20,5,190805246,1000000,7206,7823.040824,152.78777001940858,8708,50000,100000,numpy_quicksort,4.290943938000055,True,10,10
Ta100_20_5,100×20,100,20,1,190901210,1000000,7252,7842.402003,146.07346926819537,8682,50000,100000,numpy_quicksort,4.481003691999831,True,10,10
Ta100_20_5,100×20,100,20,2,190902219,1000000,7272,7841.970737,145.9748259712155,8591,50000,100000,numpy_quicksort,3.4596936699999787,True,10,10
Ta100_20_5,100×20,100,20,3,190903228,1000000,7215,7842.256805,146.23059488895905,8644,50000,100000,numpy_quicksort,3.5784472900004403,True,10,10
Ta100_20_5,100×20,100,20,4,190904237,1000000,7232,7842.300284,145.92498839342622,8613,50000,100000,numpy_quicksort,3.5506196979995366,True,10,10
Ta100_20_5,100×20,100,20,5,190905246,1000000,7214,7842.547122,146.04912261928635,8648,50000,100000,numpy_quicksort,3.5952190969992444,True,10,10
Ta100_20_6,100×20,100,20,1,191001210,1000000,7275,7893.069127,145.63566785717578,8736,50000,100000,numpy_quicksort,4.346806578000724,True,10,10
Ta100_20_6,100×20,100,20,2,191002219,1000000,7335,7892.648367,145.37358743153183,8685,50000,100000,numpy_quicksort,3.683251589000065,True,10,10
Ta100_20_6,100×20,100,20,3,191003228,1000000,7305,7892.847385,145.3986311573246,8677,50000,100000,numpy_quicksort,3.4981886940004188,True,10,10
Ta100_20_6,100×20,100,20,4,191004237,1000000,7230,7892.830135,145.5538423910644,8670,50000,100000,numpy_quicksort,3.3769099119999737,True,10,10
Ta100_20_6,100×20,100,20,5,191005246,1000000,7294,7892.776979,145.5938702013536,8714,50000,100000,numpy_quicksort,3.172913008999785,True,10,10
Ta100_20_7,100×20,100,20,1,191101210,1000000,7318,7929.826406,154.2029512806851,8759,50000,100000,numpy_quicksort,3.4978444349999336,True,10,10
Ta100_20_7,100×20,100,20,2,191102219,1000000,7303,7929.846832,154.34362157704248,8794,50000,100000,numpy_quicksort,3.3633137070000885,True,10,10
Ta100_20_7,100×20,100,20,3,191103228,1000000,7279,7930.121549,154.2474759116804,8821,50000,100000,numpy_quicksort,3.2311163880003733,True,10,10
Ta100_20_7,100×20,100,20,4,191104237,1000000,7267,7930.203196,154.28357434544645,8803,50000,100000,numpy_quicksort,3.1942118120005034,True,10,10
Ta100_20_7,100×20,100,20,5,191105246,1000000,7285,7930.057043,154.4048492760303,8763,50000,100000,numpy_quicksort,4.170910564999758,True,10,10
Ta100_20_8,100×20,100,20,1,191201210,1000000,7389,7973.505081,145.2358430196676,8821,50000,100000,numpy_quicksort,4.1878416250001465,True,10,10
Ta100_20_8,100×20,100,20,2,191202219,1000000,7398,7973.364014,145.1680161108524,8822,50000,100000,numpy_quicksort,3.668796633000056,True,10,10
Ta100_20_8,100×20,100,20,3,191203228,1000000,7397,7973.570902,145.2009255487553,8750,50000,100000,numpy_quicksort,3.696522960999573,True,10,10
Ta100_20_8,100×20,100,20,4,191204237,1000000,7390,7973.605392,145.23374401070413,8734,50000,100000,numpy_quicksort,3.5293433650003863,True,10,10
Ta100_20_8,100×20,100,20,5,191205246,1000000,7391,7973.356825,145.02796338647778,8751,50000,100000,numpy_quicksort,3.418910850999964,True,10,10
Ta100_20_9,100×20,100,20,1,191301210,1000000,7284,7864.672021,148.28001256318294,8669,50000,100000,numpy_quicksort,4.469589477000227,True,10,10
Ta100_20_9,100×20,100,20,2,191302219,1000000,7215,7864.185085,148.130034527269,8719,50000,100000,numpy_quicksort,3.592066760999842,True,10,10
Ta100_20_9,100×20,100,20,3,191303228,1000000,7254,7864.363453,147.94738998490982,8712,50000,100000,numpy_quicksort,3.4138425139999526,True,10,10
Ta100_20_9,100×20,100,20,4,191304237,1000000,7281,7864.52756,148.1368061386492,8672,50000,100000,numpy_quicksort,3.308526153999992,True,10,10
Ta100_20_9,100×20,100,20,5,191305246,1000000,7270,7864.623634,148.0232845991698,8735,50000,100000,numpy_quicksort,3.364451253999505,True,10,10
Ta100_20_10,100×20,100,20,1,191401210,1000000,7342,7972.806502,152.92309583577372,8867,50000,100000,numpy_quicksort,4.413336825000442,True,10,10
Ta100_20_10,100×20,100,20,2,191402219,1000000,7340,7972.374495,152.82691463404217,8798,50000,100000,numpy_quicksort,3.626066476999768,True,10,10
Ta100_20_10,100×20,100,20,3,191403228,1000000,7356,7972.384213,152.71978077086828,8784,50000,100000,numpy_quicksort,3.66815823899924,True,10,10
Ta100_20_10,100×20,100,20,4,191404237,1000000,7330,7972.320494,152.7231564104097,8748,50000,100000,numpy_quicksort,3.687142757999936,True,10,10
Ta100_20_10,100×20,100,20,5,191405246,1000000,7271,7972.632572,152.6395515045085,8800,50000,100000,numpy_quicksort,3.245775733999835,True,10,10
Ta200_10_1,200×10,200,10,1,2010001210,2000000,11500,12330.7507995,210.12291444873492,13509,100000,200000,numpy_quicksort,26.004421115000696,True,10,10
Ta200_10_1,200×10,200,10,2,2010002219,2000000,11490,12331.058278,210.163453882956,13508,100000,200000,numpy_quicksort,28.370658507999902,True,10,10
Ta200_10_1,200×10,200,10,3,2010003228,2000000,11480,12331.0203005,210.20654197190163,13526,100000,200000,numpy_quicksort,29.88748636299988,True,10,10
Ta200_10_1,200×10,200,10,4,2010004237,2000000,11477,12331.0440855,210.1552482917876,13614,100000,200000,numpy_quicksort,28.24852505800027,True,10,10
Ta200_10_1,200×10,200,10,5,2010005246,2000000,11478,12331.040881,210.05432062481515,13616,100000,200000,numpy_quicksort,29.257962767999743,True,10,10
Ta200_10_2,200×10,200,10,1,2010101210,2000000,11449,12271.7736865,212.0120922571714,13558,100000,200000,numpy_quicksort,27.10033948900036,True,10,10
Ta200_10_2,200×10,200,10,2,2010102219,2000000,11396,12272.0430995,212.18623631242565,13571,100000,200000,numpy_quicksort,27.764327871000205,True,10,10
Ta200_10_2,200×10,200,10,3,2010103228,2000000,11380,12271.6648865,212.02823928766955,13570,100000,200000,numpy_quicksort,29.279096850000315,True,10,10
Ta200_10_2,200×10,200,10,4,2010104237,2000000,11456,12271.642698,212.1204235589252,13498,100000,200000,numpy_quicksort,30.47810910600037,True,10,10
Ta200_10_2,200×10,200,10,5,2010105246,2000000,11400,12271.679445,211.9137124095624,13635,100000,200000,numpy_quicksort,26.43405220899968,True,10,10
Ta200_10_3,200×10,200,10,1,2010201210,2000000,11676,12478.288166,209.4235813739099,13714,100000,200000,numpy_quicksort,25.28048248999949,True,10,10
Ta200_10_3,200×10,200,10,2,2010202219,2000000,11675,12478.409618,209.2392721422788,13685,100000,200000,numpy_quicksort,25.431471080999472,True,10,10
Ta200_10_3,200×10,200,10,3,2010203228,2000000,11639,12478.366922,209.17809866471296,13645,100000,200000,numpy_quicksort,30.38370487400061,True,10,10
Ta200_10_3,200×10,200,10,4,2010204237,2000000,11659,12478.1018125,209.19244719744265,13698,100000,200000,numpy_quicksort,25.84780692899949,True,10,10
Ta200_10_3,200×10,200,10,5,2010205246,2000000,11665,12478.3857335,209.34802192871115,13697,100000,200000,numpy_quicksort,26.82095245600067,True,10,10
Ta200_10_4,200×10,200,10,1,2010301210,2000000,11388,12279.939659,213.4682669492452,13502,100000,200000,numpy_quicksort,27.17760876400007,True,10,10
Ta200_10_4,200×10,200,10,2,2010302219,2000000,11378,12279.814509,213.28605840410728,13516,100000,200000,numpy_quicksort,28.56468715499977,True,10,10
Ta200_10_4,200×10,200,10,3,2010303228,2000000,11411,12279.760482,213.31126053486864,13569,100000,200000,numpy_quicksort,26.7239387970003,True,10,10
Ta200_10_4,200×10,200,10,4,2010304237,2000000,11454,12279.763146,213.41005671970763,13493,100000,200000,numpy_quicksort,28.583472620000062,True,10,10
Ta200_10_4,200×10,200,10,5,2010305246,2000000,11460,12279.7374445,213.36298618080727,13609,100000,200000,numpy_quicksort,26.82972722500017,True,10,10
Ta200_10_5,200×10,200,10,1,2010401210,2000000,11339,12275.359169,216.1559991217857,13534,100000,200000,numpy_quicksort,24.536577116000444,True,10,10
Ta200_10_5,200×10,200,10,2,2010402219,2000000,11420,12275.4949365,216.0674164234977,13590,100000,200000,numpy_quicksort,26.959395413000493,True,10,10
Ta200_10_5,200×10,200,10,3,2010403228,2000000,11382,12275.516751,215.7249897277541,13501,100000,200000,numpy_quicksort,27.924564124000423,True,10,10
Ta200_10_5,200×10,200,10,4,2010404237,2000000,11387,12275.4125035,216.1099935498753,13537,100000,200000,numpy_quicksort,27.522806197000136,True,10,10
Ta200_10_5,200×10,200,10,5,2010405246,2000000,11433,12275.4623125,216.0662770609296,13525,100000,200000,numpy_quicksort,24.5062293459996,True,10,10
Ta200_10_6,200×10,200,10,1,2010501210,2000000,11149,12028.990344,216.3510378913109,13277,100000,200000,numpy_quicksort,27.30666351800028,True,10,10
Ta200_10_6,200×10,200,10,2,2010502219,2000000,11181,12029.162035,216.2699073310829,13253,100000,200000,numpy_quicksort,27.63443097199979,True,10,10
Ta200_10_6,200×10,200,10,3,2010503228,2000000,11220,12029.0351815,216.07653846333545,13244,100000,200000,numpy_quicksort,25.99210268799925,True,10,10
Ta200_10_6,200×10,200,10,4,2010504237,2000000,11209,12029.0261035,215.9365348763401,13267,100000,200000,numpy_quicksort,26.513447487999656,True,10,10
Ta200_10_6,200×10,200,10,5,2010505246,2000000,11178,12028.9589155,216.3253697694671,13297,100000,200000,numpy_quicksort,28.16156830899945,True,10,10
Ta200_10_7,200×10,200,10,1,2010601210,2000000,11610,12489.480037,215.1938273967688,13780,100000,200000,numpy_quicksort,25.216993525999897,True,10,10
Ta200_10_7,200×10,200,10,2,2010602219,2000000,11587,12489.253474,215.0541612921672,13737,100000,200000,numpy_quicksort,25.5554958040002,True,10,10
Ta200_10_7,200×10,200,10,3,2010603228,2000000,11628,12489.3954445,215.1508757827797,13740,100000,200000,numpy_quicksort,25.22498047499994,True,10,10
Ta200_10_7,200×10,200,10,4,2010604237,2000000,11564,12489.3408405,215.1953837627103,13898,100000,200000,numpy_quicksort,27.85379875000035,True,10,10
Ta200_10_7,200×10,200,10,5,2010605246,2000000,11608,12489.496405,215.1289340728139,13786,100000,200000,numpy_quicksort,20.660325436999983,True,10,10
Ta200_10_8,200×10,200,10,1,2010701210,2000000,11578,12438.2673465,218.0559912626952,13670,100000,200000,numpy_quicksort,20.23179366,True,10,10
Ta200_10_8,200×10,200,10,2,2010702219,2000000,11592,12438.206765,217.9985389559212,13687,100000,200000,numpy_quicksort,20.96682377100001,True,10,10
Ta200_10_8,200×10,200,10,3,2010703228,2000000,11539,12438.1938145,217.972324572196,13721,100000,200000,numpy_quicksort,21.197587602,True,10,10
Ta200_10_8,200×10,200,10,4,2010704237,2000000,11525,12438.2788735,217.92098489326085,13618,100000,200000,numpy_quicksort,22.48193364900009,True,10,10
Ta200_10_8,200×10,200,10,5,2010705246,2000000,11555,12438.3988695,218.18607327050748,13670,100000,200000,numpy_quicksort,21.49072525400004,True,10,10
Ta200_10_9,200×10,200,10,1,2010801210,2000000,11258,12186.0532395,213.53859003566632,13409,100000,200000,numpy_quicksort,22.17330626499995,True,10,10
Ta200_10_9,200×10,200,10,2,2010802219,2000000,11343,12185.6196505,213.3648471656867,13382,100000,200000,numpy_quicksort,20.416992367000034,True,10,10
Ta200_10_9,200×10,200,10,3,2010803228,2000000,11297,12186.244366,213.42591030745928,13508,100000,200000,numpy_quicksort,21.783933946999923,True,10,10
Ta200_10_9,200×10,200,10,4,2010804237,2000000,11387,12186.479244,213.61525717028616,13455,100000,200000,numpy_quicksort,20.468817626999908,True,10,10
Ta200_10_9,200×10,200,10,5,2010805246,2000000,11334,12186.2177395,213.4349377989613,13416,100000,200000,numpy_quicksort,21.5006159510001,True,10,10
Ta200_10_10,200×10,200,10,1,2010901210,2000000,11432,12307.561481,211.7705465532656,13667,100000,200000,numpy_quicksort,20.532785000000104,True,10,10
Ta200_10_10,200×10,200,10,2,2010902219,2000000,11454,12307.449794,211.94932235469685,13460,100000,200000,numpy_quicksort,23.110466618999908,True,10,10
Ta200_10_10,200×10,200,10,3,2010903228,2000000,11447,12307.4622745,211.93864556937555,13531,100000,200000,numpy_quicksort,21.954466335000006,True,10,10
Ta200_10_10,200×10,200,10,4,2010904237,2000000,11472,12307.6265175,212.10251211162023,13532,100000,200000,numpy_quicksort,22.201545964999923,True,10,10
Ta200_10_10,200×10,200,10,5,2010905246,2000000,11474,12307.5436915,212.02349881801985,13516,100000,200000,numpy_quicksort,23.84402036500001,True,10,10
Ta200_20_1,200×20,200,20,1,2020001210,2000000,12780,13580.3107,203.01800891218,14750,100000,200000,numpy_quicksort,23.214199296999823,True,10,10
Ta200_20_1,200×20,200,20,2,2020002219,2000000,12749,13580.1232975,202.974256994578,14851,100000,200000,numpy_quicksort,33.6606189019999,True,10,10
Ta200_20_1,200×20,200,20,3,2020003228,2000000,12728,13580.31318,203.3801127766005,14875,100000,200000,numpy_quicksort,31.93218986700004,True,10,10
Ta200_20_1,200×20,200,20,4,2020004237,2000000,12721,13580.299905,203.4114632957117,14766,100000,200000,numpy_quicksort,31.03348739399985,True,10,10
Ta200_20_1,200×20,200,20,5,2020005246,2000000,12804,13580.458956,203.080670240349,14652,100000,200000,numpy_quicksort,33.08183211400001,True,10,10
Ta200_20_2,200×20,200,20,1,2020101210,2000000,12957,13795.464907,207.1044521240632,14962,100000,200000,numpy_quicksort,33.35031923899987,True,10,10
Ta200_20_2,200×20,200,20,2,2020102219,2000000,12939,13795.2303655,207.2375491457504,15025,100000,200000,numpy_quicksort,29.58844609500011,True,10,10
Ta200_20_2,200×20,200,20,3,2020103228,2000000,12974,13795.646405,206.9809385308957,14950,100000,200000,numpy_quicksort,29.89077735700016,True,10,10
Ta200_20_2,200×20,200,20,4,2020104237,2000000,12896,13795.348052,207.22281410465555,14973,100000,200000,numpy_quicksort,29.808465714999784,True,10,10
Ta200_20_2,200×20,200,20,5,2020105246,2000000,12888,13795.198599,207.04400523571616,14966,100000,200000,numpy_quicksort,29.305273466000017,True,10,10
Ta200_20_3,200×20,200,20,1,2020201210,2000000,12934,13836.9279515,207.3427547854581,14959,100000,200000,numpy_quicksort,27.291984273999788,True,10,10
Ta200_20_3,200×20,200,20,2,2020202219,2000000,12944,13836.9359855,207.11735624626783,15057,100000,200000,numpy_quicksort,27.7431199130001,True,10,10
Ta200_20_3,200×20,200,20,3,2020203228,2000000,13016,13836.9284685,207.43201481633665,15088,100000,200000,numpy_quicksort,29.68058673199993,True,10,10
Ta200_20_3,200×20,200,20,4,2020204237,2000000,13011,13837.0879865,207.282531395918,15008,100000,200000,numpy_quicksort,29.241045679999843,True,10,10
Ta200_20_3,200×20,200,20,5,2020205246,2000000,12997,13837.063135,207.30636744908915,15029,100000,200000,numpy_quicksort,28.364054485,True,10,10
Ta200_20_4,200×20,200,20,1,2020301210,2000000,12912,13768.8730195,208.48489844453732,14879,100000,200000,numpy_quicksort,29.179823531999773,True,10,10
Ta200_20_4,200×20,200,20,2,2020302219,2000000,12873,13768.8929025,208.42891917133923,14944,100000,200000,numpy_quicksort,30.768408696999813,True,10,10
Ta200_20_4,200×20,200,20,3,2020303228,2000000,12912,13768.991743,208.5554596013056,14913,100000,200000,numpy_quicksort,28.15584703200011,True,10,10
Ta200_20_4,200×20,200,20,4,2020304237,2000000,12894,13768.920428,208.6893206657041,14910,100000,200000,numpy_quicksort,27.48549155499996,True,10,10
Ta200_20_4,200×20,200,20,5,2020305246,2000000,12907,13768.9831285,208.6520378325813,14962,100000,200000,numpy_quicksort,30.87306160900016,True,10,10
Ta200_20_5,200×20,200,20,1,2020401210,2000000,12872,13706.521949,206.7725566357549,14972,100000,200000,numpy_quicksort,29.442726586999925,True,10,10
Ta200_20_5,200×20,200,20,2,2020402219,2000000,12779,13706.171438,206.61823255114533,15026,100000,200000,numpy_quicksort,30.57784809499981,True,10,10
Ta200_20_5,200×20,200,20,3,2020403228,2000000,12820,13706.6076555,206.56091846958816,14996,100000,200000,numpy_quicksort,29.3992142420002,True,10,10
Ta200_20_5,200×20,200,20,4,2020404237,2000000,12838,13706.394734,206.68978688702364,14874,100000,200000,numpy_quicksort,27.95651783200037,True,10,10
Ta200_20_5,200×20,200,20,5,2020405246,2000000,12881,13706.3119245,206.88080071731923,14827,100000,200000,numpy_quicksort,33.05921509200016,True,10,10
Ta200_20_6,200×20,200,20,1,2020501210,2000000,12827,13773.6002015,213.88579417115545,15188,100000,200000,numpy_quicksort,28.87322506000009,True,10,10
Ta200_20_6,200×20,200,20,2,2020502219,2000000,12872,13773.544567,214.0183379332412,14992,100000,200000,numpy_quicksort,28.71310695200009,True,10,10
Ta200_20_6,200×20,200,20,3,2020503228,2000000,12875,13773.308143,213.7028908188992,14971,100000,200000,numpy_quicksort,30.70227440399958,True,10,10
Ta200_20_6,200×20,200,20,4,2020504237,2000000,12819,13773.3670195,213.73332501075663,14960,100000,200000,numpy_quicksort,31.26188192200016,True,10,10
Ta200_20_6,200×20,200,20,5,2020505246,2000000,12856,13773.238368,214.0828966158668,14931,100000,200000,numpy_quicksort,30.54740637499981,True,10,10
Ta200_20_7,200×20,200,20,1,2020601210,2000000,12944,13864.8678745,205.58832320837573,14966,100000,200000,numpy_quicksort,33.20735413500006,True,10,10
Ta200_20_7,200×20,200,20,2,2020602219,2000000,13047,13864.776972,205.746989155183,15003,100000,200000,numpy_quicksort,29.375314979999985,True,10,10
Ta200_20_7,200×20,200,20,3,2020603228,2000000,13052,13865.010262,205.68215791182865,15105,100000,200000,numpy_quicksort,29.646768665999844,True,10,10
Ta200_20_7,200×20,200,20,4,2020604237,2000000,12971,13864.7747625,205.6623765083812,15134,100000,200000,numpy_quicksort,32.52896166399978,True,10,10
Ta200_20_7,200×20,200,20,5,2020605246,2000000,13017,13864.94668,205.80770682941807,14989,100000,200000,numpy_quicksort,29.610107866999897,True,10,10
Ta200_20_8,200×20,200,20,1,2020701210,2000000,12853,13748.6422555,205.26294436846337,14937,100000,200000,numpy_quicksort,28.20044894600005,True,10,10
Ta200_20_8,200×20,200,20,2,2020702219,2000000,12915,13748.7639235,205.3492507328516,14860,100000,200000,numpy_quicksort,29.4534309390001,True,10,10
Ta200_20_8,200×20,200,20,3,2020703228,2000000,12892,13748.496539,205.155932852306,14970,100000,200000,numpy_quicksort,32.03191826200009,True,10,10
Ta200_20_8,200×20,200,20,4,2020704237,2000000,12857,13748.635721,205.09588251588733,14998,100000,200000,numpy_quicksort,28.3015679629998,True,10,10
Ta200_20_8,200×20,200,20,5,2020705246,2000000,12936,13748.815058,205.32778127960552,14897,100000,200000,numpy_quicksort,30.78990635800001,True,10,10
Ta200_20_9,200×20,200,20,1,2020801210,2000000,12821,13691.4389765,204.1175750250935,14765,100000,200000,numpy_quicksort,30.66595248300001,True,10,10
Ta200_20_9,200×20,200,20,2,2020802219,2000000,12837,13691.277655,204.0798367551064,15023,100000,200000,numpy_quicksort,28.118860119000004,True,10,10
Ta200_20_9,200×20,200,20,3,2020803228,2000000,12843,13691.544041,204.26000053477,14908,100000,200000,numpy_quicksort,29.00726290500004,True,10,10
Ta200_20_9,200×20,200,20,4,2020804237,2000000,12869,13691.2623485,203.95602810114548,14917,100000,200000,numpy_quicksort,28.66338675599997,True,10,10
Ta200_20_9,200×20,200,20,5,2020805246,2000000,12918,13691.482146,204.07977465567697,14878,100000,200000,numpy_quicksort,25.815751622999983,True,10,10
Ta200_20_10,200×20,200,20,1,2020901210,2000000,12933,13753.493238,204.10012101834988,14951,100000,200000,numpy_quicksort,26.56710750899998,True,10,10
Ta200_20_10,200×20,200,20,2,2020902219,2000000,12871,13753.4677515,203.99285469490505,14918,100000,200000,numpy_quicksort,28.58682436000004,True,10,10
Ta200_20_10,200×20,200,20,3,2020903228,2000000,12863,13753.5067495,203.93265890168,14887,100000,200000,numpy_quicksort,29.443636863999927,True,10,10
Ta200_20_10,200×20,200,20,4,2020904237,2000000,12920,13753.672156,204.1604882612308,14929,100000,200000,numpy_quicksort,29.07956775399998,True,10,10
Ta200_20_10,200×20,200,20,5,2020905246,2000000,12950,13753.6853405,203.83475871696533,14975,100000,200000,numpy_quicksort,29.62865186699992,True,10,10
VFR100_20_1,VFR100×20,100,20,1,1120201210,1000000,7237,7835.285087,148.85390657247774,8637,50000,100000,deterministic,6.3852749010000025,True,10,10
VFR100_20_1,VFR100×20,100,20,2,1120202219,1000000,7238,7835.129141,148.6512491464367,8629,50000,100000,deterministic,3.8297141630000624,True,10,10
VFR100_20_1,VFR100×20,100,20,3,1120203228,1000000,7217,7835.400582,148.85351599283942,8675,50000,100000,deterministic,3.23128994800004,True,10,10
VFR100_20_1,VFR100×20,100,20,4,1120204237,1000000,7184,7835.322104,149.013750224974,8612,50000,100000,deterministic,3.397348671999908,True,10,10
VFR100_20_1,VFR100×20,100,20,5,1120205246,1000000,7231,7835.363827,148.95393150295757,8678,50000,100000,deterministic,3.331377013000065,True,10,10
VFR100_20_2,VFR100×20,100,20,1,1120301210,1000000,7316,7922.241219,150.9452518659103,8745,50000,100000,deterministic,4.456874122000045,True,10,10
VFR100_20_2,VFR100×20,100,20,2,1120302219,1000000,7298,7922.445874,150.93396581763218,8738,50000,100000,deterministic,3.3265966429999025,True,10,10
VFR100_20_2,VFR100×20,100,20,3,1120303228,1000000,7329,7922.098511,150.98640264433303,8806,50000,100000,deterministic,3.619546267000033,True,10,10
VFR100_20_2,VFR100×20,100,20,4,1120304237,1000000,7311,7922.040565,150.9334974695857,8750,50000,100000,deterministic,3.1539246209999874,True,10,10
VFR100_20_2,VFR100×20,100,20,5,1120305246,1000000,7329,7922.269814,150.80380814884603,8671,50000,100000,deterministic,3.489470062999999,True,10,10
VFR100_20_3,VFR100×20,100,20,1,1120401210,1000000,7252,7845.844862,147.20845110430662,8622,50000,100000,deterministic,4.45234630799996,True,10,10
VFR100_20_3,VFR100×20,100,20,2,1120402219,1000000,7215,7845.509545,146.96489778030045,8634,50000,100000,deterministic,3.3361059090000253,True,10,10
VFR100_20_3,VFR100×20,100,20,3,1120403228,1000000,7235,7845.746732,147.05615212847115,8745,50000,100000,deterministic,3.4730084559998886,True,10,10
VFR100_20_3,VFR100×20,100,20,4,1120404237,1000000,7272,7845.563015,147.05764272236942,8702,50000,100000,deterministic,3.2918268500000067,True,10,10
VFR100_20_3,VFR100×20,100,20,5,1120405246,1000000,7246,7845.276493,146.98265163113922,8662,50000,100000,deterministic,3.2987201680000453,True,10,10
VFR100_20_4,VFR100×20,100,20,1,1120501210,1000000,7233,7871.105708,151.40851929253668,8738,50000,100000,deterministic,4.273828463999962,True,10,10
VFR100_20_4,VFR100×20,100,20,2,1120502219,1000000,7263,7870.796192,151.5121718748608,8700,50000,100000,deterministic,3.23692840800004,True,10,10
VFR100_20_4,VFR100×20,100,20,3,1120503228,1000000,7214,7870.99514,151.8328631344306,8732,50000,100000,deterministic,3.5985135690000334,True,10,10
VFR100_20_4,VFR100×20,100,20,4,1120504237,1000000,7232,7870.852504,151.54267431358113,8709,50000,100000,deterministic,3.224740269999984,True,10,10
VFR100_20_4,VFR100×20,100,20,5,1120505246,1000000,7180,7871.077567,151.6466586940497,8725,50000,100000,deterministic,3.570022979999976,True,10,10
VFR100_20_5,VFR100×20,100,20,1,1120601210,1000000,7342,7927.528195,150.598338964617,8774,50000,100000,deterministic,4.302498610000384,True,10,10
VFR100_20_5,VFR100×20,100,20,2,1120602219,1000000,7306,7927.545906,150.9493521560993,8901,50000,100000,deterministic,3.223365554999873,True,10,10
VFR100_20_5,VFR100×20,100,20,3,1120603228,1000000,7325,7927.57468,150.8934039768371,8772,50000,100000,deterministic,3.5713662379998823,True,10,10
VFR100_20_5,VFR100×20,100,20,4,1120604237,1000000,7293,7927.48956,150.79432461447192,8770,50000,100000,deterministic,3.1534533180001745,True,10,10
VFR100_20_5,VFR100×20,100,20,5,1120605246,1000000,7332,7927.404372,150.9358947465113,8826,50000,100000,deterministic,3.552778506999857,True,10,10
VFR100_20_6,VFR100×20,100,20,1,1120701210,1000000,7288,7902.199992,149.36533372641344,8774,50000,100000,deterministic,4.202425936000054,True,10,10
VFR100_20_6,VFR100×20,100,20,2,1120702219,1000000,7311,7902.214179,149.2747359110132,8806,50000,100000,deterministic,3.292665048999879,True,10,10
VFR100_20_6,VFR100×20,100,20,3,1120703228,1000000,7309,7902.665172,149.25781160832,8749,50000,100000,deterministic,3.562444494000374,True,10,10
VFR100_20_6,VFR100×20,100,20,4,1120704237,1000000,7277,7902.32889,149.00874871286953,8825,50000,100000,deterministic,3.350343538999823,True,10,10
VFR100_20_6,VFR100×20,100,20,5,1120705246,1000000,7213,7902.53485,149.2995663283655,8719,50000,100000,deterministic,3.471494277000147,True,10,10
VFR100_20_7,VFR100×20,100,20,1,1120801210,1000000,7440,8038.700444,148.228018146868,8842,50000,100000,deterministic,4.210489194000274,True,10,10
VFR100_20_7,VFR100×20,100,20,2,1120802219,1000000,7486,8038.803316,148.12664706563675,8881,50000,100000,deterministic,3.5924905379997654,True,10,10
VFR100_20_7,VFR100×20,100,20,3,1120803228,1000000,7469,8038.679562,148.19504058927953,8911,50000,100000,deterministic,3.8177275469997767,True,10,10
VFR100_20_7,VFR100×20,100,20,4,1120804237,1000000,7408,8038.605907,148.09836070946835,8879,50000,100000,deterministic,3.2767965980001463,True,10,10
VFR100_20_7,VFR100×20,100,20,5,1120805246,1000000,7447,8038.794991,148.23992037026974,8896,50000,100000,deterministic,3.3676285960000314,True,10,10
VFR100_20_8,VFR100×20,100,20,1,1120901210,1000000,7137,7747.590052,153.99062266822992,8504,50000,100000,deterministic,4.408269407999796,True,10,10
VFR100_20_8,VFR100×20,100,20,2,1120902219,1000000,7085,7747.41901,153.87544207010933,8609,50000,100000,deterministic,3.3145518619999166,True,10,10
VFR100_20_8,VFR100×20,100,20,3,1120903228,1000000,7110,7747.623131,153.7619971303332,8635,50000,100000,deterministic,3.408418084999994,True,10,10
VFR100_20_8,VFR100×20,100,20,4,1120904237,1000000,7086,7747.689384,154.08850985381554,8614,50000,100000,deterministic,3.315996362000078,True,10,10
VFR100_20_8,VFR100×20,100,20,5,1120905246,1000000,7078,7747.753593,153.8600794082545,8572,50000,100000,deterministic,3.625769135000155,True,10,10
VFR100_20_9,VFR100×20,100,20,1,1121001210,1000000,7305,7913.647004,149.09613549479275,8702,50000,100000,deterministic,4.379954391999945,True,10,10
VFR100_20_9,VFR100×20,100,20,2,1121002219,1000000,7308,7914.132192,149.23943892177184,8821,50000,100000,deterministic,3.4822176940001555,True,10,10
VFR100_20_9,VFR100×20,100,20,3,1121003228,1000000,7336,7913.776382,149.2253409015789,8759,50000,100000,deterministic,3.561033770999984,True,10,10
VFR100_20_9,VFR100×20,100,20,4,1121004237,1000000,7300,7913.828582,149.17729478621925,8754,50000,100000,deterministic,3.524839546000294,True,10,10
VFR100_20_9,VFR100×20,100,20,5,1121005246,1000000,7284,7913.997041,149.23827221696925,8743,50000,100000,deterministic,3.714871440000024,True,10,10
VFR100_20_10,VFR100×20,100,20,1,1121101210,1000000,7108,7746.034209,151.9510145338133,8569,50000,100000,deterministic,4.392999257999691,True,10,10
VFR100_20_10,VFR100×20,100,20,2,1121102219,1000000,7128,7745.546468,151.79758404280187,8618,50000,100000,deterministic,3.3460563229996296,True,10,10
VFR100_20_10,VFR100×20,100,20,3,1121103228,1000000,7153,7745.764774,151.8386555581491,8640,50000,100000,deterministic,3.628004760000296,True,10,10
VFR100_20_10,VFR100×20,100,20,4,1121104237,1000000,7162,7745.853834,151.68156906756613,8612,50000,100000,deterministic,3.3526718089997303,True,10,10
VFR100_20_10,VFR100×20,100,20,5,1121105246,1000000,7117,7746.238067,151.86734028352691,8618,50000,100000,deterministic,3.967113031999816,True,10,10
VFR100_40_1,VFR100×40,100,40,1,1140401210,1000000,9131,9717.9702,147.6246180451887,10494,50000,100000,deterministic,5.944176570999844,True,10,10
VFR100_40_1,VFR100×40,100,40,2,1140402219,1000000,9081,9717.741226,147.6672313467959,10554,50000,100000,deterministic,5.1351377450000655,True,10,10
VFR100_40_1,VFR100×40,100,40,3,1140403228,1000000,9124,9717.580296,147.61461279502885,10559,50000,100000,deterministic,5.256032374999904,True,10,10
VFR100_40_1,VFR100×40,100,40,4,1140404237,1000000,9080,9717.490647,147.4696329615492,10549,50000,100000,deterministic,5.269900177000181,True,10,10
VFR100_40_1,VFR100×40,100,40,5,1140405246,1000000,9072,9717.578747,147.45976637473927,10540,50000,100000,deterministic,4.722637106000093,True,10,10
VFR100_40_2,VFR100×40,100,40,1,1140501210,1000000,9149,9817.288152,146.3681521098796,10668,50000,100000,deterministic,5.933107605999794,True,10,10
VFR100_40_2,VFR100×40,100,40,2,1140502219,1000000,9201,9817.245239,146.1736412885931,10572,50000,100000,deterministic,4.973227006999878,True,10,10
VFR100_40_2,VFR100×40,100,40,3,1140503228,1000000,9207,9817.399942,146.15085176785016,10632,50000,100000,deterministic,4.811197046999951,True,10,10
VFR100_40_2,VFR100×40,100,40,4,1140504237,1000000,9169,9817.355509,146.37166158452337,10688,50000,100000,deterministic,4.704080304999934,True,10,10
VFR100_40_2,VFR100×40,100,40,5,1140505246,1000000,9218,9817.478076,146.2720516669241,10619,50000,100000,deterministic,4.899964984000235,True,10,10
VFR100_40_3,VFR100×40,100,40,1,1140601210,1000000,9089,9697.225117,144.52484540302143,10519,50000,100000,deterministic,6.070520242999919,True,10,10
VFR100_40_3,VFR100×40,100,40,2,1140602219,1000000,9057,9697.528182,144.6047781655805,10510,50000,100000,deterministic,5.408906252000179,True,10,10
VFR100_40_3,VFR100×40,100,40,3,1140603228,1000000,9127,9697.111748,144.60894861706353,10496,50000,100000,deterministic,5.16656926900032,True,10,10
VFR100_40_3,VFR100×40,100,40,4,1140604237,1000000,9073,9697.498794,144.44467787637777,10415,50000,100000,deterministic,5.075053747000311,True,10,10
VFR100_40_3,VFR100×40,100,40,5,1140605246,1000000,9102,9697.230522,144.35514809668652,10530,50000,100000,deterministic,4.84854711800017,True,10,10
VFR100_40_4,VFR100×40,100,40,1,1140701210,1000000,9179,9761.043109,146.11687745348243,10479,50000,100000,deterministic,5.974096972000098,True,10,10
VFR100_40_4,VFR100×40,100,40,2,1140702219,1000000,9141,9761.235502,146.3920608005894,10683,50000,100000,deterministic,4.830714823000108,True,10,10
VFR100_40_4,VFR100×40,100,40,3,1140703228,1000000,9101,9761.552043,146.10502872319478,10652,50000,100000,deterministic,5.103655451000122,True,10,10
VFR100_40_4,VFR100×40,100,40,4,1140704237,1000000,9162,9761.233599,146.313877804732,10507,50000,100000,deterministic,4.795875418999913,True,10,10
VFR100_40_4,VFR100×40,100,40,5,1140705246,1000000,9173,9761.075773,146.34990329941002,10544,50000,100000,deterministic,5.085185982999974,True,10,10
VFR100_40_5,VFR100×40,100,40,1,1140801210,1000000,9245,9857.25909,146.86138088223566,10690,50000,100000,deterministic,5.766249856999821,True,10,10
VFR100_40_5,VFR100×40,100,40,2,1140802219,1000000,9253,9857.317571,146.98519222801556,10676,50000,100000,deterministic,4.997086578000108,True,10,10
VFR100_40_5,VFR100×40,100,40,3,1140803228,1000000,9211,9857.404185,146.82446409542598,10615,50000,100000,deterministic,5.049353789999714,True,10,10
VFR100_40_5,VFR100×40,100,40,4,1140804237,1000000,9238,9857.123116,146.77901801868916,10669,50000,100000,deterministic,4.794567121,True,10,10
VFR100_40_5,VFR100×40,100,40,5,1140805246,1000000,9232,9857.254235,146.8264708340336,10688,50000,100000,deterministic,4.921838042000218,True,10,10
VFR100_40_6,VFR100×40,100,40,1,1140901210,1000000,9162,9768.226438,144.73098006608242,10522,50000,100000,deterministic,5.764690193000206,True,10,10
VFR100_40_6,VFR100×40,100,40,2,1140902219,1000000,9104,9768.025782,144.6104773433745,10607,50000,100000,deterministic,5.299915347000024,True,10,10
VFR100_40_6,VFR100×40,100,40,3,1140903228,1000000,9175,9768.205531,144.78350082889332,10555,50000,100000,deterministic,5.315274482999939,True,10,10
VFR100_40_6,VFR100×40,100,40,4,1140904237,1000000,9198,9768.224629,144.62942718715152,10503,50000,100000,deterministic,5.216382401999908,True,10,10
VFR100_40_6,VFR100×40,100,40,5,1140905246,1000000,9152,9768.173245,144.7616680102523,10501,50000,100000,deterministic,4.899853160000021,True,10,10
VFR100_40_7,VFR100×40,100,40,1,1141001210,1000000,9175,9802.453131,146.93902809796592,10697,50000,100000,deterministic,5.816439186000025,True,10,10
VFR100_40_7,VFR100×40,100,40,2,1141002219,1000000,9126,9802.546461,147.08574189088128,10563,50000,100000,deterministic,5.268580240000119,True,10,10
VFR100_40_7,VFR100×40,100,40,3,1141003228,1000000,9162,9802.234314,146.854938593574,10562,50000,100000,deterministic,5.143866754999635,True,10,10
VFR100_40_7,VFR100×40,100,40,4,1141004237,1000000,9194,9802.435231,146.8075216922657,10615,50000,100000,deterministic,5.216506123999807,True,10,10
VFR100_40_7,VFR100×40,100,40,5,1141005246,1000000,9208,9802.586391,147.09648233717294,10582,50000,100000,deterministic,4.868918840999868,True,10,10
VFR100_40_8,VFR100×40,100,40,1,1141101210,1000000,9139,9795.911132,150.25714345643516,10602,50000,100000,deterministic,5.9500822470004096,True,10,10
VFR100_40_8,VFR100×40,100,40,2,1141102219,1000000,9172,9796.047785,150.34149843659245,10666,50000,100000,deterministic,4.863018360999831,True,10,10
VFR100_40_8,VFR100×40,100,40,3,1141103228,1000000,9166,9795.979899,150.17932542390642,10565,50000,100000,deterministic,5.027362945999812,True,10,10
VFR100_40_8,VFR100×40,100,40,4,1141104237,1000000,9213,9796.134116,150.04564977564516,10630,50000,100000,deterministic,4.888056945000244,True,10,10
VFR100_40_8,VFR100×40,100,40,5,1141105246,1000000,9194,9795.969064,150.18799818027637,10532,50000,100000,deterministic,5.234867566000048,True,10,10
VFR100_40_9,VFR100×40,100,40,1,1141201210,1000000,9162,9764.610117,147.65069179984596,10579,50000,100000,deterministic,5.925860434999777,True,10,10
VFR100_40_9,VFR100×40,100,40,2,1141202219,1000000,9125,9764.780783,147.86901545676378,10561,50000,100000,deterministic,5.380307306999839,True,10,10
VFR100_40_9,VFR100×40,100,40,3,1141203228,1000000,9090,9764.650932,147.86501020725836,10590,50000,100000,deterministic,4.96346253899992,True,10,10
VFR100_40_9,VFR100×40,100,40,4,1141204237,1000000,9119,9764.708187,147.77292882328456,10562,50000,100000,deterministic,5.027882756000054,True,10,10
VFR100_40_9,VFR100×40,100,40,5,1141205246,1000000,9104,9764.74073,147.78511056769557,10572,50000,100000,deterministic,4.764008067999839,True,10,10
VFR100_40_10,VFR100×40,100,40,1,1141301210,1000000,9083,9721.50105,144.89824221983542,10527,50000,100000,deterministic,5.934895668000081,True,10,10
VFR100_40_10,VFR100×40,100,40,2,1141302219,1000000,9138,9721.422839,144.89319387817258,10527,50000,100000,deterministic,5.227084546999777,True,10,10
VFR100_40_10,VFR100×40,100,40,3,1141303228,1000000,9136,9721.185417,144.59685037989328,10529,50000,100000,deterministic,5.205391284999678,True,10,10
VFR100_40_10,VFR100×40,100,40,4,1141304237,1000000,9154,9721.392664,144.77739344758476,10505,50000,100000,deterministic,4.905221277000237,True,10,10
VFR100_40_10,VFR100×40,100,40,5,1141305246,1000000,9136,9721.648168,144.89686811434595,10519,50000,100000,deterministic,4.841672612000366,True,10,10
VFR100_60_1,VFR100×60,100,60,1,1140601210,1000000,10680,11319.995676,151.86835953977263,12168,50000,100000,deterministic,7.423925263000001,True,10,10
VFR100_60_1,VFR100×60,100,60,2,1140602219,1000000,10664,11319.988385,151.8331712551762,12305,50000,100000,deterministic,6.283607268000196,True,10,10
VFR100_60_1,VFR100×60,100,60,3,1140603228,1000000,10677,11319.742763,152.14581137341162,12153,50000,100000,deterministic,6.132647986999928,True,10,10
VFR100_60_1,VFR100×60,100,60,4,1140604237,1000000,10654,11319.705721,151.94584207015697,12161,50000,100000,deterministic,6.36568519399998,True,10,10
VFR100_60_1,VFR100×60,100,60,5,1140605246,1000000,10679,11319.966654,151.9538901641844,12154,50000,100000,deterministic,6.298621465999986,True,10,10
VFR100_60_2,VFR100×60,100,60,1,1140701210,1000000,10820,11521.315088,150.30529562604954,12385,50000,100000,deterministic,7.45537573799993,True,10,10
VFR100_60_2,VFR100×60,100,60,2,1140702219,1000000,10909,11521.116532,150.17913724637734,12304,50000,100000,deterministic,6.657667171999947,True,10,10
VFR100_60_2,VFR100×60,100,60,3,1140703228,1000000,10864,11521.125521,150.06478369996697,12334,50000,100000,deterministic,6.739358347999769,True,10,10
VFR100_60_2,VFR100×60,100,60,4,1140704237,1000000,10820,11521.721596,150.31299048055658,12282,50000,100000,deterministic,6.731620486999873,True,10,10
VFR100_60_2,VFR100×60,100,60,5,1140705246,1000000,10886,11521.192534,149.83575962170613,12374,50000,100000,deterministic,6.289075894999769,True,10,10
VFR100_60_3,VFR100×60,100,60,1,1140801210,1000000,10702,11348.365355,154.1972484628549,12152,50000,100000,deterministic,7.290575083000021,True,10,10
VFR100_60_3,VFR100×60,100,60,2,1140802219,1000000,10732,11348.363678,153.79457683248842,12191,50000,100000,deterministic,7.073149676999947,True,10,10
VFR100_60_3,VFR100×60,100,60,3,1140803228,1000000,10714,11348.247535,154.01623123691627,12131,50000,100000,deterministic,6.956933031000062,True,10,10
VFR100_60_3,VFR100×60,100,60,4,1140804237,1000000,10685,11348.351275,153.9150837401175,12246,50000,100000,deterministic,6.253351740000198,True,10,10
VFR100_60_3,VFR100×60,100,60,5,1140805246,1000000,10669,11348.445474,153.9866072189089,12225,50000,100000,deterministic,6.5271313749999536,True,10,10
VFR100_60_4,VFR100×60,100,60,1,1140901210,1000000,10762,11406.231725,151.17335191728304,12215,50000,100000,deterministic,7.431366475000232,True,10,10
VFR100_60_4,VFR100×60,100,60,2,1140902219,1000000,10761,11406.16953,151.2464344540493,12209,50000,100000,deterministic,6.591718578999917,True,10,10
VFR100_60_4,VFR100×60,100,60,3,1140903228,1000000,10777,11406.113108,151.17100017943795,12256,50000,100000,deterministic,6.210622831999899,True,10,10
VFR100_60_4,VFR100×60,100,60,4,1140904237,1000000,10734,11406.242293,151.16344473280958,12223,50000,100000,deterministic,6.155083276999903,True,10,10
VFR100_60_4,VFR100×60,100,60,5,1140905246,1000000,10754,11406.048759,151.00185076057463,12205,50000,100000,deterministic,6.447785497000041,True,10,10
VFR100_60_5,VFR100×60,100,60,1,1141001210,1000000,10756,11384.304553,146.10857751065342,12207,50000,100000,deterministic,7.276109412000096,True,10,10
VFR100_60_5,VFR100×60,100,60,2,1141002219,1000000,10759,11384.488106,145.98957212584716,12156,50000,100000,deterministic,6.457854659000077,True,10,10
VFR100_60_5,VFR100×60,100,60,3,1141003228,1000000,10782,11384.150953,146.04927407071304,12188,50000,100000,deterministic,6.2339893409998695,True,10,10
VFR100_60_5,VFR100×60,100,60,4,1141004237,1000000,10796,11384.248956,146.15325076673037,12128,50000,100000,deterministic,6.303109889000098,True,10,10
VFR100_60_5,VFR100×60,100,60,5,1141005246,1000000,10649,11384.302735,145.977657413716,12179,50000,100000,deterministic,6.669197086000168,True,10,10
VFR100_60_6,VFR100×60,100,60,1,1141101210,1000000,10972,11582.137283,149.27806652123766,12461,50000,100000,deterministic,7.258296732999952,True,10,10
VFR100_60_6,VFR100×60,100,60,2,1141102219,1000000,10936,11581.954314,149.3551266336153,12370,50000,100000,deterministic,6.559351907999826,True,10,10
VFR100_60_6,VFR100×60,100,60,3,1141103228,1000000,10925,11582.023044,149.24974542846152,12440,50000,100000,deterministic,6.5074037829999725,True,10,10
VFR100_60_6,VFR100×60,100,60,4,1141104237,1000000,10949,11582.144181,149.41887968004863,12486,50000,100000,deterministic,6.163611747999767,True,10,10
VFR100_60_6,VFR100×60,100,60,5,1141105246,1000000,10922,11581.867447,149.28897249261078,12544,50000,100000,deterministic,6.313857373999781,True,10,10
VFR100_60_7,VFR100×60,100,60,1,1141201210,1000000,10707,11386.948797,155.00637140526828,12169,50000,100000,deterministic,7.022005946999798,True,10,10
VFR100_60_7,VFR100×60,100,60,2,1141202219,1000000,10689,11387.11649,155.05395573092963,12246,50000,100000,deterministic,6.228983791999781,True,10,10
VFR100_60_7,VFR100×60,100,60,3,1141203228,1000000,10707,11387.043065,155.0820035685431,12219,50000,100000,deterministic,6.457079109000006,True,10,10
VFR100_60_7,VFR100×60,100,60,4,1141204237,1000000,10743,11387.04121,155.0469558917376,12242,50000,100000,deterministic,6.20949921700003,True,10,10
VFR100_60_7,VFR100×60,100,60,5,1141205246,1000000,10739,11386.938416,155.09173123302233,12144,50000,100000,deterministic,6.127652634000242,True,10,10
VFR100_60_8,VFR100×60,100,60,1,1141301210,1000000,10836,11474.466103,150.47072175154707,12250,50000,100000,deterministic,7.367876317000082,True,10,10
VFR100_60_8,VFR100×60,100,60,2,1141302219,1000000,10867,11474.241973,150.5899040553067,12337,50000,100000,deterministic,6.596679325999958,True,10,10
VFR100_60_8,VFR100×60,100,60,3,1141303228,1000000,10845,11474.433367,150.35356643671028,12246,50000,100000,deterministic,6.187049667000338,True,10,10
VFR100_60_8,VFR100×60,100,60,4,1141304237,1000000,10807,11474.46466,150.45944344283785,12268,50000,100000,deterministic,6.399854569999661,True,10,10
VFR100_60_8,VFR100×60,100,60,5,1141305246,1000000,10749,11474.278903,150.60235091519883,12259,50000,100000,deterministic,6.260114205999798,True,10,10
VFR100_60_9,VFR100×60,100,60,1,1141401210,1000000,10820,11406.831787,148.05317350576723,12187,50000,100000,deterministic,7.337883186999987,True,10,10
VFR100_60_9,VFR100×60,100,60,2,1141402219,1000000,10806,11406.98023,148.1858003594762,12286,50000,100000,deterministic,6.837669000000005,True,10,10
VFR100_60_9,VFR100×60,100,60,3,1141403228,1000000,10806,11406.800441,148.16463718433366,12166,50000,100000,deterministic,6.086323618000279,True,10,10
VFR100_60_9,VFR100×60,100,60,4,1141404237,1000000,10742,11406.815277,148.3775030329621,12180,50000,100000,deterministic,6.05937860899985,True,10,10
VFR100_60_9,VFR100×60,100,60,5,1141405246,1000000,10758,11406.462516,148.03359966877915,12174,50000,100000,deterministic,6.323623899999802,True,10,10
VFR100_60_10,VFR100×60,100,60,1,1141501210,1000000,10860,11454.064018,147.86757080074784,12232,50000,100000,deterministic,7.3677954029999455,True,10,10
VFR100_60_10,VFR100×60,100,60,2,1141502219,1000000,10838,11453.838454,147.8979650323085,12226,50000,100000,deterministic,6.640066168999965,True,10,10
VFR100_60_10,VFR100×60,100,60,3,1141503228,1000000,10859,11454.086469,147.7273383550876,12230,50000,100000,deterministic,6.570555958000114,True,10,10
VFR100_60_10,VFR100×60,100,60,4,1141504237,1000000,10821,11454.107034,147.81450677403507,12309,50000,100000,deterministic,6.269503313000314,True,10,10
VFR100_60_10,VFR100×60,100,60,5,1141505246,1000000,10855,11454.053652,148.06245019569295,12251,50000,100000,deterministic,6.211842320999949,True,10,10
