ProblemID,Config,MeanDeltaPct
Ta100_10_1,Elite_025,0.019727716171903133
Ta100_10_1,Elite_10,0.049862765810092406
Ta100_10_1,PRules_2n,0.09286679217023933
Ta100_10_1,PRules_4n,0.09829074423666677
Ta100_10_1,Poor_05,0.025863828633364477
Ta100_10_1,Poor_20,0.0732494106328677
Ta100_10_1,Regions_2,-0.02297024767790308
Ta100_10_1,Regions_8,-0.051640504048506286
Ta100_10_1,q_2,-0.04776814376832307
Ta100_10_1,q_6,0.03840059146644022
Ta100_10_10,Elite_025,-0.02792777928899958
Ta100_10_10,Elite_10,0.07524564512872531
Ta100_10_10,PRules_2n,-0.020033692223347645
Ta100_10_10,PRules_4n,0.07511808128361373
Ta100_10_10,Poor_05,0.0013356627793009198
Ta100_10_10,Poor_20,-0.0020182791486783903
Ta100_10_10,Regions_2,-0.1976962788912036
Ta100_10_10,Regions_8,-0.017470255717507578
Ta100_10_10,q_2,0.017608183615854568
Ta100_10_10,q_6,0.0067795856587005545
Ta100_20_1,Elite_025,0.029024033109065685
Ta100_20_1,Elite_10,-0.05157558011827508
Ta100_20_1,PRules_2n,-0.05585804681925858
Ta100_20_1,PRules_4n,-0.060723051516391104
Ta100_20_1,Poor_05,-0.031221947997623806
Ta100_20_1,Poor_20,-0.013111280858823359
Ta100_20_1,Regions_2,-0.10442376832455753
Ta100_20_1,Regions_8,-0.032439245368872195
Ta100_20_1,q_2,-0.043208917076814915
Ta100_20_1,q_6,0.043331382600584424
Ta100_20_10,Elite_025,-0.029352432567246768
Ta100_20_10,Elite_10,-0.056954766694604454
Ta100_20_10,PRules_2n,-0.06125200118534424
Ta100_20_10,PRules_4n,-0.0891105778811136
Ta100_20_10,Poor_05,0.002016810043403111
Ta100_20_10,Poor_20,0.033722109151715876
Ta100_20_10,Regions_2,-0.05143068270998232
Ta100_20_10,Regions_8,-0.09516166095184986
Ta100_20_10,q_2,0.0031801781262197877
Ta100_20_10,q_6,0.19844447193595285
Ta100_5_1,Elite_025,0.01785522564519714
Ta100_5_1,Elite_10,-0.033153759462010435
Ta100_5_1,PRules_2n,-0.04141389211602993
Ta100_5_1,PRules_4n,0.09164692164286722
Ta100_5_1,Poor_05,0.03250098462940627
Ta100_5_1,Poor_20,-0.024027418826191988
Ta100_5_1,Regions_2,0.037404431679815345
Ta100_5_1,Regions_8,0.00020520600560161307
Ta100_5_1,q_2,-0.011988186565337313
Ta100_5_1,q_6,0.02824490397371714
Ta100_5_10,Elite_025,0.007795745514525418
Ta100_5_10,Elite_10,0.00930248986536798
Ta100_5_10,PRules_2n,-0.02473822616880638
Ta100_5_10,PRules_4n,0.004464306053254491
Ta100_5_10,Poor_05,0.013051582354747899
Ta100_5_10,Poor_20,0.014906432242031715
Ta100_5_10,Regions_2,0.011558612241030854
Ta100_5_10,Regions_8,-0.0019318355838986484
Ta100_5_10,q_2,-0.013142265091911848
Ta100_5_10,q_6,0.0040979608787022
Ta200_10_1,Elite_025,0.03828158405936467
Ta200_10_1,Elite_10,0.03980168675810312
Ta200_10_1,PRules_2n,-0.02193473175151205
Ta200_10_1,PRules_4n,0.10269263598852145
Ta200_10_1,Poor_05,0.03483051903819944
Ta200_10_1,Poor_20,0.013797191882448939
Ta200_10_1,Regions_2,0.07235540434597194
Ta200_10_1,Regions_8,0.014218538442120204
Ta200_10_1,q_2,-0.026015355744840273
Ta200_10_1,q_6,0.01315710735237711
Ta200_10_10,Elite_025,-0.0447500936397361
Ta200_10_10,Elite_10,-0.003896660487310534
Ta200_10_10,PRules_2n,0.03715439584824669
Ta200_10_10,PRules_4n,0.005345698667847622
Ta200_10_10,Poor_05,-0.046479971791936144
Ta200_10_10,Poor_20,0.018262434362277088
Ta200_10_10,Regions_2,-0.3580731790336893
Ta200_10_10,Regions_8,-0.10699572493889986
Ta200_10_10,q_2,-0.03653056050299932
Ta200_10_10,q_6,0.01576378294121797
Ta200_20_1,Elite_025,-0.08635788584344181
Ta200_20_1,Elite_10,0.003200368071680862
Ta200_20_1,PRules_2n,-0.061859969952110114
Ta200_20_1,PRules_4n,-0.02866826973836986
Ta200_20_1,Poor_05,0.01442155130544554
Ta200_20_1,Poor_20,0.005403470694942944
Ta200_20_1,Regions_2,-0.14187869156031632
Ta200_20_1,Regions_8,0.04510455014334549
Ta200_20_1,q_2,-0.06654444269998722
Ta200_20_1,q_6,-0.011236229569489928
Ta200_20_10,Elite_025,-0.1511168883936708
Ta200_20_10,Elite_10,-0.08080492529273244
Ta200_20_10,PRules_2n,-0.18698824470188252
Ta200_20_10,PRules_4n,-0.03021086708560598
Ta200_20_10,Poor_05,-0.03442443308975661
Ta200_20_10,Poor_20,-0.08904270429892822
Ta200_20_10,Regions_2,-0.38307200955461307
Ta200_20_10,Regions_8,-0.055271105328754566
Ta200_20_10,q_2,-0.11862320239284499
Ta200_20_10,q_6,0.006019006297752744
Ta20_10_1,Elite_025,0.039992812142680606
Ta20_10_1,Elite_10,0.08968083972610438
Ta20_10_1,PRules_2n,0.04342227696538344
Ta20_10_1,PRules_4n,-0.052874318601145796
Ta20_10_1,Poor_05,-0.11197016610215593
Ta20_10_1,Poor_20,-0.07616238193212885
Ta20_10_1,Regions_2,0.07098696668058559
Ta20_10_1,Regions_8,-0.18804426145040432
Ta20_10_1,q_2,-0.6190618970501552
Ta20_10_1,q_6,0.14790346783999672
Ta20_10_10,Elite_025,0.007800182657689883
Ta20_10_10,Elite_10,0.0655714043225059
Ta20_10_10,PRules_2n,-0.16728534048369736
Ta20_10_10,PRules_4n,0.04642276004393667
Ta20_10_10,Poor_05,0.0
Ta20_10_10,Poor_20,0.0
Ta20_10_10,Regions_2,0.2851442320024201
Ta20_10_10,Regions_8,0.1884041947380169
Ta20_10_10,q_2,0.09857044993199623
Ta20_10_10,q_6,-0.1705223311795318
Ta20_20_1,Elite_025,-0.246993256428987
Ta20_20_1,Elite_10,0.009394964012529362
Ta20_20_1,PRules_2n,0.2471711998219186
Ta20_20_1,PRules_4n,-0.36650073484662743
Ta20_20_1,Poor_05,-0.033158002365933414
Ta20_20_1,Poor_20,-0.033812613738733115
Ta20_20_1,Regions_2,-0.3068514185876441
Ta20_20_1,Regions_8,-0.1030945806391548
Ta20_20_1,q_2,-0.48618910492893563
Ta20_20_1,q_6,0.021969047735472796
Ta20_20_10,Elite_025,0.0
Ta20_20_10,Elite_10,-0.015111111111111516
Ta20_20_10,PRules_2n,-0.21076811103520895
Ta20_20_10,PRules_4n,0.05018897222453027
Ta20_20_10,Poor_05,-0.02133333333333414
Ta20_20_10,Poor_20,0.006222222222222627
Ta20_20_10,Regions_2,0.06770296788646954
Ta20_20_10,Regions_8,0.014620151379918006
Ta20_20_10,q_2,0.2025851042452894
Ta20_20_10,q_6,0.027486087255565183
Ta20_5_1,Elite_025,-0.04366149570580048
Ta20_5_1,Elite_10,0.022842991097627018
Ta20_5_1,PRules_2n,0.12743757756246551
Ta20_5_1,PRules_4n,0.24527188166323102
Ta20_5_1,Poor_05,-0.020205160087038675
Ta20_5_1,Poor_20,0.08944513477905922
Ta20_5_1,Regions_2,0.15379601697210651
Ta20_5_1,Regions_8,-0.05299677406049078
Ta20_5_1,q_2,0.04935572781329764
Ta20_5_1,q_6,-0.015370585348562667
Ta20_5_10,Elite_025,-0.1636656116402248
Ta20_5_10,Elite_10,-0.04666926825820751
Ta20_5_10,PRules_2n,0.20584406045618583
Ta20_5_10,PRules_4n,0.18086750555510475
Ta20_5_10,Poor_05,-0.027375107361112712
Ta20_5_10,Poor_20,-0.10358400113067626
Ta20_5_10,Regions_2,0.023274727345963534
Ta20_5_10,Regions_8,0.12646151504523223
Ta20_5_10,q_2,-0.06373297018949721
Ta20_5_10,q_6,-0.006659255086653512
Ta50_10_1,Elite_025,0.06544036059417425
Ta50_10_1,Elite_10,0.06479416783026608
Ta50_10_1,PRules_2n,0.007614679828646069
Ta50_10_1,PRules_4n,0.07678199757316012
Ta50_10_1,Poor_05,0.05292472111872866
Ta50_10_1,Poor_20,-0.019783068806611803
Ta50_10_1,Regions_2,0.13350888744777334
Ta50_10_1,Regions_8,-0.22762006447004857
Ta50_10_1,q_2,-0.16888382317941195
Ta50_10_1,q_6,0.037372895812463114
Ta50_10_10,Elite_025,0.0021282070360103367
Ta50_10_10,Elite_10,-0.09958107096269596
Ta50_10_10,PRules_2n,0.042392572539224946
Ta50_10_10,PRules_4n,0.013403595182106884
Ta50_10_10,Poor_05,-0.027733250330713572
Ta50_10_10,Poor_20,0.009995002498750056
Ta50_10_10,Regions_2,-0.24527140695357189
Ta50_10_10,Regions_8,-0.11343459032144114
Ta50_10_10,q_2,-0.056497634076473
Ta50_10_10,q_6,0.11794655895698318
Ta50_20_1,Elite_025,0.08455240508328456
Ta50_20_1,Elite_10,0.02569001598148965
Ta50_20_1,PRules_2n,0.07540495948121997
Ta50_20_1,PRules_4n,0.0732084167693593
Ta50_20_1,Poor_05,0.014373134179693362
Ta50_20_1,Poor_20,0.06454597973940177
Ta50_20_1,Regions_2,0.476546583935503
Ta50_20_1,Regions_8,0.14102704087765888
Ta50_20_1,q_2,-0.06160984073985325
Ta50_20_1,q_6,0.12346882140481508
Ta50_20_10,Elite_025,0.02920161866720733
Ta50_20_10,Elite_10,-0.07290951000554306
Ta50_20_10,PRules_2n,-0.02571358393774892
Ta50_20_10,PRules_4n,0.01695937409989461
Ta50_20_10,Poor_05,-0.019519290581580556
Ta50_20_10,Poor_20,0.023202388800982486
Ta50_20_10,Regions_2,0.3311313859711305
Ta50_20_10,Regions_8,-0.3823024166899924
Ta50_20_10,q_2,-0.33372734711773766
Ta50_20_10,q_6,0.025975886509838696
Ta50_5_1,Elite_025,0.005063606284314302
Ta50_5_1,Elite_10,-0.024920710133190256
Ta50_5_1,PRules_2n,0.01085679532525203
Ta50_5_1,PRules_4n,0.0013934848062735633
Ta50_5_1,Poor_05,-0.0021990357958343813
Ta50_5_1,Poor_20,0.00730914507591614
Ta50_5_1,Regions_2,-0.10093031225961273
Ta50_5_1,Regions_8,0.055405889118891084
Ta50_5_1,q_2,-0.014665235448537192
Ta50_5_1,q_6,-0.0014592364107467704
Ta50_5_10,Elite_025,0.016535502715427208
Ta50_5_10,Elite_10,-0.006200029411394676
Ta50_5_10,PRules_2n,-0.018502256250212117
Ta50_5_10,PRules_4n,0.04200844624856247
Ta50_5_10,Poor_05,0.029171547963757538
Ta50_5_10,Poor_20,0.007221504090153782
Ta50_5_10,Regions_2,-0.009128408981123295
Ta50_5_10,Regions_8,0.03055807926706574
Ta50_5_10,q_2,0.02938806794311418
Ta50_5_10,q_6,0.01790047013116542
VFR100_20_1,Elite_025,-0.02399081518050635
VFR100_20_1,Elite_10,-0.048110521857290825
VFR100_20_1,PRules_2n,-0.0762660402848762
VFR100_20_1,PRules_4n,0.08003277854222626
VFR100_20_1,Poor_05,-0.006548516498446533
VFR100_20_1,Poor_20,-0.06308681197226076
VFR100_20_1,Regions_2,0.16891421892255098
VFR100_20_1,Regions_8,0.26665647656541913
VFR100_20_1,q_2,-0.05695348323491643
VFR100_20_1,q_6,0.07202414557233826
VFR100_20_10,Elite_025,-0.049594306619637166
VFR100_20_10,Elite_10,0.018586674371807995
VFR100_20_10,PRules_2n,0.003987968749841096
VFR100_20_10,PRules_4n,0.0688648326672933
VFR100_20_10,Poor_05,-0.04129367349110774
VFR100_20_10,Poor_20,-0.12648205224578768
VFR100_20_10,Regions_2,-0.2885633828174304
VFR100_20_10,Regions_8,-0.058479246763126824
VFR100_20_10,q_2,-0.02696150513080306
VFR100_20_10,q_6,0.10549429003136554
VFR100_40_1,Elite_025,0.0944616936628246
VFR100_40_1,Elite_10,0.06353456493917858
VFR100_40_1,PRules_2n,0.11768515871417891
VFR100_40_1,PRules_4n,0.09310441608238995
VFR100_40_1,Poor_05,0.039398059064880905
VFR100_40_1,Poor_20,-0.00989160023197202
VFR100_40_1,Regions_2,0.06527824715703971
VFR100_40_1,Regions_8,0.06652985713352673
VFR100_40_1,q_2,-0.13060478440080578
VFR100_40_1,q_6,0.1299502978985831
VFR100_40_10,Elite_025,0.03825904314004086
VFR100_40_10,Elite_10,0.042558719435307694
VFR100_40_10,PRules_2n,-0.1308995347346485
VFR100_40_10,PRules_4n,0.12581538322057256
VFR100_40_10,Poor_05,-0.009428609692983023
VFR100_40_10,Poor_20,0.06116171624080824
VFR100_40_10,Regions_2,-0.10998971337135792
VFR100_40_10,Regions_8,0.05315720507182946
VFR100_40_10,q_2,-0.07909181229977305
VFR100_40_10,q_6,0.07101170389729239
VFR100_60_1,Elite_025,-0.022973993852197432
VFR100_60_1,Elite_10,0.026054127005286122
VFR100_60_1,PRules_2n,0.009018389487177689
VFR100_60_1,PRules_4n,0.008014569134812351
VFR100_60_1,Poor_05,-0.008429912585519065
VFR100_60_1,Poor_20,-0.019082908367126967
VFR100_60_1,Regions_2,0.18201731102516652
VFR100_60_1,Regions_8,-0.012551389768333643
VFR100_60_1,q_2,-0.09334745380097736
VFR100_60_1,q_6,0.009620079806821797
VFR100_60_10,Elite_025,0.007151221059435564
VFR100_60_10,Elite_10,0.05005540454999682
VFR100_60_10,PRules_2n,0.030820659357273277
VFR100_60_10,PRules_4n,-0.010980181707093277
VFR100_60_10,Poor_05,0.014010263895882526
VFR100_60_10,Poor_20,0.016913003046015663
VFR100_60_10,Regions_2,0.10838475863339807
VFR100_60_10,Regions_8,0.1460135043201066
VFR100_60_10,q_2,-0.1045720191633975
VFR100_60_10,q_6,0.0046495128516667195
