ProblemID,Group,n,m,Replication,Seed,PoolSize,PoolBest,PoolMean,PoolSD,PoolWorst,EliteN,PoorN,TieMode,ElapsedSec,HistoricalPRAuditPass,HistoricalPRMatched,HistoricalPRChecked
Ta20_5_1,20×5,20,5,1,210501210,200000,1303,1515.62061,60.14196786362575,1784,10000,20000,numpy_quicksort,0.67938759900062,True,10,10
Ta20_5_1,20×5,20,5,2,210502219,200000,1298,1515.598,60.028703327875704,1791,10000,20000,numpy_quicksort,0.35022225099965,True,10,10
Ta20_5_1,20×5,20,5,3,210503228,200000,1309,1515.26612,59.82833381678982,1798,10000,20000,numpy_quicksort,0.3628662479986815,True,10,10
Ta20_5_1,20×5,20,5,4,210504237,200000,1299,1515.601175,60.1550310178472,1793,10000,20000,numpy_quicksort,0.35603519000142114,True,10,10
Ta20_5_1,20×5,20,5,5,210505246,200000,1312,1515.907205,60.098492354067346,1796,10000,20000,numpy_quicksort,0.35660671400000865,True,10,10
Ta20_5_10,20×5,20,5,1,211401210,200000,1185,1437.940275,76.60634334429217,1827,10000,20000,numpy_quicksort,0.671800575000816,True,10,10
Ta20_5_10,20×5,20,5,2,211402219,200000,1188,1437.693015,76.28749448054278,1817,10000,20000,numpy_quicksort,0.38643116599996574,True,10,10
Ta20_5_10,20×5,20,5,3,211403228,200000,1191,1437.65633,76.41413440281048,1825,10000,20000,numpy_quicksort,0.3921107149999443,True,10,10
Ta20_5_10,20×5,20,5,4,211404237,200000,1172,1437.912765,76.4078648168093,1819,10000,20000,numpy_quicksort,0.3656360750010208,True,10,10
Ta20_5_10,20×5,20,5,5,211405246,200000,1184,1438.092425,76.65581852143998,1843,10000,20000,numpy_quicksort,0.3810330040014378,True,10,10
Ta20_10_1,20×10,20,10,1,220501210,200000,1736,2023.861245,79.27012539925667,2417,10000,20000,numpy_quicksort,0.3468468099999882,True,10,10
Ta20_10_1,20×10,20,10,2,220502219,200000,1709,2024.114105,79.39764565136456,2442,10000,20000,numpy_quicksort,0.35280117799993604,True,10,10
Ta20_10_1,20×10,20,10,3,220503228,200000,1721,2024.17636,79.17127861546248,2421,10000,20000,numpy_quicksort,0.35513417499896605,True,10,10
Ta20_10_1,20×10,20,10,4,220504237,200000,1725,2024.021345,79.63575973557431,2421,10000,20000,numpy_quicksort,0.3497111289998429,True,10,10
Ta20_10_1,20×10,20,10,5,220505246,200000,1689,2024.20049,79.47707113868806,2400,10000,20000,numpy_quicksort,0.3451861409994308,True,10,10
Ta20_10_10,20×10,20,10,1,221401210,200000,1727,2007.98732,77.06424264018344,2377,10000,20000,numpy_quicksort,0.3441698560000077,True,10,10
Ta20_10_10,20×10,20,10,2,221402219,200000,1724,2007.711145,77.29651183295843,2358,10000,20000,numpy_quicksort,0.34002869699907023,True,10,10
Ta20_10_10,20×10,20,10,3,221403228,200000,1717,2007.51888,77.17602493157912,2386,10000,20000,numpy_quicksort,0.3464902309988247,True,10,10
Ta20_10_10,20×10,20,10,4,221404237,200000,1726,2007.42831,77.2608088665064,2359,10000,20000,numpy_quicksort,0.347461719000421,True,10,10
Ta20_10_10,20×10,20,10,5,221405246,200000,1724,2007.75248,76.92467914057818,2332,10000,20000,numpy_quicksort,0.3792391030001454,True,10,10
Ta20_20_1,20×20,20,20,1,230501210,200000,2460,2776.268505,88.17365021948416,3139,10000,20000,numpy_quicksort,0.3928418289997353,True,10,10
Ta20_20_1,20×20,20,20,2,230502219,200000,2471,2776.162875,88.00258546775555,3205,10000,20000,numpy_quicksort,0.3935438709995651,True,10,10
Ta20_20_1,20×20,20,20,3,230503228,200000,2454,2776.291025,88.26521026534799,3140,10000,20000,numpy_quicksort,0.40219437399900926,True,10,10
Ta20_20_1,20×20,20,20,4,230504237,200000,2466,2775.8905,88.10532107930833,3175,10000,20000,numpy_quicksort,0.4364139179997437,True,10,10
Ta20_20_1,20×20,20,20,5,230505246,200000,2467,2776.053955,88.38713778196804,3174,10000,20000,numpy_quicksort,0.42485496400149714,True,10,10
Ta20_20_10,20×20,20,20,1,231401210,200000,2382,2718.319765,90.58527007080426,3136,10000,20000,numpy_quicksort,0.4158485390016722,True,10,10
Ta20_20_10,20×20,20,20,2,231402219,200000,2374,2718.509785,90.54157052500106,3142,10000,20000,numpy_quicksort,0.39444201799960865,True,10,10
Ta20_20_10,20×20,20,20,3,231403228,200000,2389,2718.641335,90.70046938849606,3182,10000,20000,numpy_quicksort,0.38837260599939327,True,10,10
Ta20_20_10,20×20,20,20,4,231404237,200000,2376,2718.648915,90.72163422468401,3125,10000,20000,numpy_quicksort,0.39013099699877785,True,10,10
Ta20_20_10,20×20,20,20,5,231405246,200000,2365,2718.738035,90.81236580866998,3160,10000,20000,numpy_quicksort,0.40452650200131757,True,10,10
Ta50_5_1,50×5,50,5,1,505001210,500000,2762,3189.099966,120.4264495775673,3876,25000,50000,numpy_quicksort,2.373862629001451,True,10,10
Ta50_5_1,50×5,50,5,2,505002219,500000,2782,3189.253682,120.4571104388354,3929,25000,50000,numpy_quicksort,2.3708310029996937,True,10,10
Ta50_5_1,50×5,50,5,3,505003228,500000,2775,3189.260546,120.29379838951692,3871,25000,50000,numpy_quicksort,2.2354848999984824,True,10,10
Ta50_5_1,50×5,50,5,4,505004237,500000,2774,3189.321036,120.63088214676273,3857,25000,50000,numpy_quicksort,2.2442414939996524,True,10,10
Ta50_5_1,50×5,50,5,5,505005246,500000,2781,3189.200524,120.46924111905716,3877,25000,50000,numpy_quicksort,2.317319347999728,True,10,10
Ta50_5_10,50×5,50,5,1,505901210,500000,2876,3255.861434,111.90306532913075,3872,25000,50000,numpy_quicksort,2.3061108639994927,True,10,10
Ta50_5_10,50×5,50,5,2,505902219,500000,2856,3255.678296,111.89867263360303,3808,25000,50000,numpy_quicksort,2.3364226419998886,True,10,10
Ta50_5_10,50×5,50,5,3,505903228,500000,2853,3255.928418,111.71813645018118,3798,25000,50000,numpy_quicksort,2.4800060439993104,True,10,10
Ta50_5_10,50×5,50,5,4,505904237,500000,2862,3255.79934,111.83742623462064,3880,25000,50000,numpy_quicksort,2.346822711999266,True,10,10
Ta50_5_10,50×5,50,5,5,505905246,500000,2831,3255.721426,111.78226611174314,3868,25000,50000,numpy_quicksort,2.345591843000875,True,10,10
Ta50_10_1,50×10,50,10,1,510101210,500000,3374,3837.232274,115.11758768714238,4459,25000,50000,deterministic,2.5597994979998475,True,10,10
Ta50_10_1,50×10,50,10,2,510102219,500000,3355,3837.143474,114.8876326831901,4444,25000,50000,deterministic,2.1825839699995413,True,10,10
Ta50_10_1,50×10,50,10,3,510103228,500000,3384,3837.21261,115.0168742956904,4449,25000,50000,deterministic,1.8698940239992226,True,10,10
Ta50_10_1,50×10,50,10,4,510104237,500000,3394,3837.079922,114.98092217276239,4442,25000,50000,deterministic,1.7270173280012386,True,10,10
Ta50_10_1,50×10,50,10,5,510105246,500000,3392,3837.03105,115.0281763085036,4460,25000,50000,deterministic,1.777527767999345,True,10,10
Ta50_10_10,50×10,50,10,1,511001210,500000,3404,3834.735242,104.65801268799572,4408,25000,50000,deterministic,1.9204604550013755,True,10,10
Ta50_10_10,50×10,50,10,2,511002219,500000,3404,3834.567218,105.09844490337008,4446,25000,50000,deterministic,1.8824036759997398,True,10,10
Ta50_10_10,50×10,50,10,3,511003228,500000,3421,3834.90554,104.86677505954601,4409,25000,50000,deterministic,1.8485295190002944,True,10,10
Ta50_10_10,50×10,50,10,4,511004237,500000,3456,3834.671604,104.6758260064103,4416,25000,50000,deterministic,1.9785523209993698,True,10,10
Ta50_10_10,50×10,50,10,5,511005246,500000,3443,3834.66893,104.92767597869245,4373,25000,50000,deterministic,1.9528237230006198,True,10,10
Ta50_20_1,50×20,50,20,1,410201210,500000,4397,4875.277798,112.90092702679569,5433,25000,50000,numpy_quicksort,2.384282458000598,True,10,10
Ta50_20_1,50×20,50,20,2,410202219,500000,4333,4875.442186,113.02153844855286,5487,25000,50000,numpy_quicksort,2.2776849210004,True,10,10
Ta50_20_1,50×20,50,20,3,410203228,500000,4402,4875.502476,112.84229312024661,5432,25000,50000,numpy_quicksort,2.0512941449997015,True,10,10
Ta50_20_1,50×20,50,20,4,410204237,500000,4385,4875.655452,113.13326770206993,5425,25000,50000,numpy_quicksort,2.194810339999094,True,10,10
Ta50_20_1,50×20,50,20,5,410205246,500000,4381,4875.55599,112.93785802395692,5469,25000,50000,numpy_quicksort,2.2256739380009094,True,10,10
Ta50_20_10,50×20,50,20,1,411101210,500000,4319,4816.846426,114.89648560087177,5390,25000,50000,numpy_quicksort,2.2817411689993605,True,10,10
Ta50_20_10,50×20,50,20,2,411102219,500000,4343,4816.680162,114.82865559125058,5456,25000,50000,numpy_quicksort,2.75957721299892,True,10,10
Ta50_20_10,50×20,50,20,3,411103228,500000,4340,4816.689354,114.87521071880894,5404,25000,50000,numpy_quicksort,2.414737349999996,True,10,10
Ta50_20_10,50×20,50,20,4,411104237,500000,4357,4816.646154,114.60355767147522,5389,25000,50000,numpy_quicksort,2.3469878479991166,True,10,10
Ta50_20_10,50×20,50,20,5,411105246,500000,4328,4816.686118,114.83633889522748,5429,25000,50000,numpy_quicksort,2.1433191190008074,True,10,10
Ta100_5_1,100×5,100,5,1,170501210,1000000,5579,6144.167658,154.4586474700229,6983,50000,100000,numpy_quicksort,18.22207849500046,True,10,10
Ta100_5_1,100×5,100,5,2,170502219,1000000,5612,6144.626069,154.6123661858618,7072,50000,100000,numpy_quicksort,12.21981461500036,True,10,10
Ta100_5_1,100×5,100,5,3,170503228,1000000,5540,6144.372547,154.5157620595825,7010,50000,100000,numpy_quicksort,12.735129609000069,True,10,10
Ta100_5_1,100×5,100,5,4,170504237,1000000,5587,6144.150441,154.86827431300418,6960,50000,100000,numpy_quicksort,10.868345843999123,True,10,10
Ta100_5_1,100×5,100,5,5,170505246,1000000,5591,6144.149099,154.69664778378694,7028,50000,100000,numpy_quicksort,11.951213172998905,True,10,10
Ta100_5_10,100×5,100,5,1,171401210,1000000,5484,6085.245424,158.24488728709238,6910,50000,100000,numpy_quicksort,11.354555335999976,True,10,10
Ta100_5_10,100×5,100,5,2,171402219,1000000,5472,6085.542514,158.12112813552451,7033,50000,100000,numpy_quicksort,11.811216706000778,True,10,10
Ta100_5_10,100×5,100,5,3,171403228,1000000,5521,6085.375906,158.1353872271474,6986,50000,100000,numpy_quicksort,9.975477064999723,True,10,10
Ta100_5_10,100×5,100,5,4,171404237,1000000,5511,6085.404667,158.31671893960728,6933,50000,100000,numpy_quicksort,10.002605816000141,True,10,10
Ta100_5_10,100×5,100,5,5,171405246,1000000,5462,6085.523457,158.39267149084748,7010,50000,100000,numpy_quicksort,9.219970012998601,True,10,10
Ta100_10_1,100×10,100,10,1,180501210,1000000,6335,6915.138182,151.9380746452758,7697,50000,100000,numpy_quicksort,7.2047734999996464,True,10,10
Ta100_10_1,100×10,100,10,2,180502219,1000000,6363,6914.951726,152.0454858831748,7753,50000,100000,numpy_quicksort,6.21031135299927,True,10,10
Ta100_10_1,100×10,100,10,3,180503228,1000000,6328,6915.218279,152.05689372263623,7718,50000,100000,numpy_quicksort,7.233559808000791,True,10,10
Ta100_10_1,100×10,100,10,4,180504237,1000000,6341,6915.06673,152.11531818386052,7768,50000,100000,numpy_quicksort,6.465318345999549,True,10,10
Ta100_10_1,100×10,100,10,5,180505246,1000000,6331,6915.102645,152.1233445941679,7801,50000,100000,numpy_quicksort,8.131888683999932,True,10,10
Ta100_10_10,100×10,100,10,1,181401210,1000000,6285,6849.59724,149.16666703079798,7685,50000,100000,numpy_quicksort,7.579649991999759,True,10,10
Ta100_10_10,100×10,100,10,2,181402219,1000000,6273,6849.749115,149.29083340737873,7776,50000,100000,numpy_quicksort,7.755149056998562,True,10,10
Ta100_10_10,100×10,100,10,3,181403228,1000000,6287,6849.753156,149.21038195708016,7630,50000,100000,numpy_quicksort,7.529619759001434,True,10,10
Ta100_10_10,100×10,100,10,4,181404237,1000000,6295,6849.095202,149.0895712391697,7739,50000,100000,numpy_quicksort,8.340362390001246,True,10,10
Ta100_10_10,100×10,100,10,5,181405246,1000000,6299,6849.878915,149.34229306041632,7670,50000,100000,numpy_quicksort,7.616788020999593,True,10,10
Ta100_20_1,100×20,100,20,1,190501210,1000000,7217,7811.65112,147.31662617957943,8617,50000,100000,numpy_quicksort,7.538410483000916,True,10,10
Ta100_20_1,100×20,100,20,2,190502219,1000000,7218,7811.679756,147.24962156226925,8697,50000,100000,numpy_quicksort,6.8688142969986075,True,10,10
Ta100_20_1,100×20,100,20,3,190503228,1000000,7176,7811.246181,147.04648993629684,8598,50000,100000,numpy_quicksort,8.147127528000055,True,10,10
Ta100_20_1,100×20,100,20,4,190504237,1000000,7182,7811.54052,147.2250385408052,8607,50000,100000,numpy_quicksort,6.5976530959997035,True,10,10
Ta100_20_1,100×20,100,20,5,190505246,1000000,7185,7811.646038,147.16182394053487,8638,50000,100000,numpy_quicksort,7.59686814899942,True,10,10
Ta100_20_10,100×20,100,20,1,191401210,1000000,7342,7972.806502,152.92309583577372,8867,50000,100000,numpy_quicksort,7.427733587999683,True,10,10
Ta100_20_10,100×20,100,20,2,191402219,1000000,7340,7972.374495,152.82691463404217,8798,50000,100000,numpy_quicksort,7.538421924000431,True,10,10
Ta100_20_10,100×20,100,20,3,191403228,1000000,7356,7972.384213,152.71978077086828,8784,50000,100000,numpy_quicksort,7.0061196599999676,True,10,10
Ta100_20_10,100×20,100,20,4,191404237,1000000,7330,7972.320494,152.7231564104097,8748,50000,100000,numpy_quicksort,7.9371099899999535,True,10,10
Ta100_20_10,100×20,100,20,5,191405246,1000000,7271,7972.632572,152.6395515045085,8800,50000,100000,numpy_quicksort,7.527926087999731,True,10,10
VFR100_20_1,VFR100×20,100,20,1,1120201210,1000000,7237,7835.285087,148.85390657247774,8637,50000,100000,deterministic,7.739049760999478,True,10,10
VFR100_20_1,VFR100×20,100,20,2,1120202219,1000000,7238,7835.129141,148.6512491464367,8629,50000,100000,deterministic,6.456379413999457,True,10,10
VFR100_20_1,VFR100×20,100,20,3,1120203228,1000000,7217,7835.400582,148.85351599283942,8675,50000,100000,deterministic,7.884371714000736,True,10,10
VFR100_20_1,VFR100×20,100,20,4,1120204237,1000000,7184,7835.322104,149.013750224974,8612,50000,100000,deterministic,6.965542429999914,True,10,10
VFR100_20_1,VFR100×20,100,20,5,1120205246,1000000,7231,7835.363827,148.95393150295757,8678,50000,100000,deterministic,8.23909138900126,True,10,10
VFR100_20_10,VFR100×20,100,20,1,1121101210,1000000,7108,7746.034209,151.9510145338133,8569,50000,100000,deterministic,7.062374553999689,True,10,10
VFR100_20_10,VFR100×20,100,20,2,1121102219,1000000,7128,7745.546468,151.79758404280187,8618,50000,100000,deterministic,8.158590519000427,True,10,10
VFR100_20_10,VFR100×20,100,20,3,1121103228,1000000,7153,7745.764774,151.8386555581491,8640,50000,100000,deterministic,6.8436936540001625,True,10,10
VFR100_20_10,VFR100×20,100,20,4,1121104237,1000000,7162,7745.853834,151.68156906756613,8612,50000,100000,deterministic,7.660678745000041,True,10,10
VFR100_20_10,VFR100×20,100,20,5,1121105246,1000000,7117,7746.238067,151.86734028352691,8618,50000,100000,deterministic,7.3156780169993,True,10,10
VFR100_40_1,VFR100×40,100,40,1,1140401210,1000000,9131,9717.9702,147.6246180451887,10494,50000,100000,deterministic,9.215535616000125,True,10,10
VFR100_40_1,VFR100×40,100,40,2,1140402219,1000000,9081,9717.741226,147.6672313467959,10554,50000,100000,deterministic,9.295409557000312,True,10,10
VFR100_40_1,VFR100×40,100,40,3,1140403228,1000000,9124,9717.580296,147.61461279502885,10559,50000,100000,deterministic,8.8867644689999,True,10,10
VFR100_40_1,VFR100×40,100,40,4,1140404237,1000000,9080,9717.490647,147.4696329615492,10549,50000,100000,deterministic,9.06168308300039,True,10,10
VFR100_40_1,VFR100×40,100,40,5,1140405246,1000000,9072,9717.578747,147.45976637473927,10540,50000,100000,deterministic,9.356760487000429,True,10,10
VFR100_40_10,VFR100×40,100,40,1,1141301210,1000000,9083,9721.50105,144.89824221983542,10527,50000,100000,deterministic,9.163231550001,True,10,10
VFR100_40_10,VFR100×40,100,40,2,1141302219,1000000,9138,9721.422839,144.89319387817258,10527,50000,100000,deterministic,9.442583155001557,True,10,10
VFR100_40_10,VFR100×40,100,40,3,1141303228,1000000,9136,9721.185417,144.59685037989328,10529,50000,100000,deterministic,9.39192907799952,True,10,10
VFR100_40_10,VFR100×40,100,40,4,1141304237,1000000,9154,9721.392664,144.77739344758476,10505,50000,100000,deterministic,9.334728202000406,True,10,10
VFR100_40_10,VFR100×40,100,40,5,1141305246,1000000,9136,9721.648168,144.89686811434595,10519,50000,100000,deterministic,8.6948741970009,True,10,10
VFR100_60_1,VFR100×60,100,60,1,1140601210,1000000,10680,11319.995676,151.86835953977265,12168,50000,100000,deterministic,11.357123173998843,True,10,10
VFR100_60_1,VFR100×60,100,60,2,1140602219,1000000,10664,11319.988385,151.8331712551762,12305,50000,100000,deterministic,9.961307562000002,True,10,10
VFR100_60_1,VFR100×60,100,60,3,1140603228,1000000,10677,11319.742763,152.14581137341162,12153,50000,100000,deterministic,11.034823255000447,True,10,10
VFR100_60_1,VFR100×60,100,60,4,1140604237,1000000,10654,11319.705721,151.94584207015697,12161,50000,100000,deterministic,10.072770734999722,True,10,10
VFR100_60_1,VFR100×60,100,60,5,1140605246,1000000,10679,11319.966654,151.9538901641844,12154,50000,100000,deterministic,11.186589883000124,True,10,10
VFR100_60_10,VFR100×60,100,60,1,1141501210,1000000,10860,11454.064018,147.86757080074784,12232,50000,100000,deterministic,10.01902070899996,True,10,10
VFR100_60_10,VFR100×60,100,60,2,1141502219,1000000,10838,11453.838454,147.8979650323085,12226,50000,100000,deterministic,11.28699870699893,True,10,10
VFR100_60_10,VFR100×60,100,60,3,1141503228,1000000,10859,11454.086469,147.7273383550876,12230,50000,100000,deterministic,9.927933710001525,True,10,10
VFR100_60_10,VFR100×60,100,60,4,1141504237,1000000,10821,11454.107034,147.81450677403507,12309,50000,100000,deterministic,10.882683784999244,True,10,10
VFR100_60_10,VFR100×60,100,60,5,1141505246,1000000,10855,11454.053652,148.06245019569295,12251,50000,100000,deterministic,10.143811005000316,True,10,10
Ta200_10_1,200×10,200,10,1,2010001210,2000000,11500,12330.7507995,210.12291444873497,13509,100000,200000,numpy_quicksort,68.91469505599889,True,10,10
Ta200_10_1,200×10,200,10,2,2010002219,2000000,11490,12331.058278,210.16345388295602,13508,100000,200000,numpy_quicksort,69.49849240600088,True,10,10
Ta200_10_1,200×10,200,10,3,2010003228,2000000,11480,12331.0203005,210.20654197190163,13526,100000,200000,numpy_quicksort,66.713979483,True,10,10
Ta200_10_1,200×10,200,10,4,2010004237,2000000,11477,12331.0440855,210.15524829178756,13614,100000,200000,numpy_quicksort,66.98203604599985,True,10,10
Ta200_10_1,200×10,200,10,5,2010005246,2000000,11478,12331.040881,210.05432062481515,13616,100000,200000,numpy_quicksort,68.76568373400005,True,10,10
Ta200_10_10,200×10,200,10,1,2010901210,2000000,11432,12307.561481,211.7705465532656,13667,100000,200000,numpy_quicksort,47.627648674999364,True,10,10
Ta200_10_10,200×10,200,10,2,2010902219,2000000,11454,12307.449794,211.94932235469685,13460,100000,200000,numpy_quicksort,44.30893232900053,True,10,10
Ta200_10_10,200×10,200,10,3,2010903228,2000000,11447,12307.4622745,211.93864556937555,13531,100000,200000,numpy_quicksort,45.157504576000065,True,10,10
Ta200_10_10,200×10,200,10,4,2010904237,2000000,11472,12307.6265175,212.10251211162026,13532,100000,200000,numpy_quicksort,44.368563805999656,True,10,10
Ta200_10_10,200×10,200,10,5,2010905246,2000000,11474,12307.5436915,212.02349881801982,13516,100000,200000,numpy_quicksort,44.07718333000048,True,10,10
Ta200_20_1,200×20,200,20,1,2020001210,2000000,12780,13580.3107,203.01800891217994,14750,100000,200000,numpy_quicksort,40.0777163670009,True,10,10
Ta200_20_1,200×20,200,20,2,2020002219,2000000,12749,13580.1232975,202.974256994578,14851,100000,200000,numpy_quicksort,38.71967683799994,True,10,10
Ta200_20_1,200×20,200,20,3,2020003228,2000000,12728,13580.31318,203.3801127766005,14875,100000,200000,numpy_quicksort,40.74859539600038,True,10,10
Ta200_20_1,200×20,200,20,4,2020004237,2000000,12721,13580.299905,203.41146329571174,14766,100000,200000,numpy_quicksort,39.46786478100148,True,10,10
Ta200_20_1,200×20,200,20,5,2020005246,2000000,12804,13580.458956,203.080670240349,14652,100000,200000,numpy_quicksort,39.968167343999085,True,10,10
Ta200_20_10,200×20,200,20,1,2020901210,2000000,12933,13753.493238,204.10012101834988,14951,100000,200000,numpy_quicksort,40.22748416699869,True,10,10
Ta200_20_10,200×20,200,20,2,2020902219,2000000,12871,13753.4677515,203.99285469490502,14918,100000,200000,numpy_quicksort,39.203271402999235,True,10,10
Ta200_20_10,200×20,200,20,3,2020903228,2000000,12863,13753.5067495,203.93265890167993,14887,100000,200000,numpy_quicksort,40.63039091700011,True,10,10
Ta200_20_10,200×20,200,20,4,2020904237,2000000,12920,13753.672156,204.1604882612308,14929,100000,200000,numpy_quicksort,38.686435051000444,True,10,10
Ta200_20_10,200×20,200,20,5,2020905246,2000000,12950,13753.6853405,203.83475871696535,14975,100000,200000,numpy_quicksort,38.98784145399986,True,10,10
