ProblemID,Replication,Seed,Mining,Family,Got,Expected,Pass
Ta20_5_1,1,210501210,Elite-only,NEH,1302,1302,True
Ta20_5_1,1,210501210,Elite-only,NEH-TBKK2,1301,1301,True
Ta20_5_1,1,210501210,Elite-only,KK2-style-NEH,1297,1297,True
Ta20_5_1,1,210501210,Elite-only,FRB4-p1,1286,1286,True
Ta20_5_1,1,210501210,Elite-only,INEH-inspired,1289,1289,True
Ta20_5_1,1,210501210,Contrast,NEH,1302,1302,True
Ta20_5_1,1,210501210,Contrast,NEH-TBKK2,1301,1301,True
Ta20_5_1,1,210501210,Contrast,KK2-style-NEH,1323,1323,True
Ta20_5_1,1,210501210,Contrast,FRB4-p1,1286,1286,True
Ta20_5_1,1,210501210,Contrast,INEH-inspired,1292,1292,True
Ta20_5_1,2,210502219,Elite-only,NEH,1302,1302,True
Ta20_5_1,2,210502219,Elite-only,NEH-TBKK2,1301,1301,True
Ta20_5_1,2,210502219,Elite-only,KK2-style-NEH,1297,1297,True
Ta20_5_1,2,210502219,Elite-only,FRB4-p1,1287,1287,True
Ta20_5_1,2,210502219,Elite-only,INEH-inspired,1289,1289,True
Ta20_5_1,2,210502219,Contrast,NEH,1302,1302,True
Ta20_5_1,2,210502219,Contrast,NEH-TBKK2,1301,1301,True
Ta20_5_1,2,210502219,Contrast,KK2-style-NEH,1323,1323,True
Ta20_5_1,2,210502219,Contrast,FRB4-p1,1287,1287,True
Ta20_5_1,2,210502219,Contrast,INEH-inspired,1292,1292,True
Ta20_5_1,3,210503228,Elite-only,NEH,1302,1302,True
Ta20_5_1,3,210503228,Elite-only,NEH-TBKK2,1301,1301,True
Ta20_5_1,3,210503228,Elite-only,KK2-style-NEH,1297,1297,True
Ta20_5_1,3,210503228,Elite-only,FRB4-p1,1286,1286,True
Ta20_5_1,3,210503228,Elite-only,INEH-inspired,1289,1289,True
Ta20_5_1,3,210503228,Contrast,NEH,1302,1302,True
Ta20_5_1,3,210503228,Contrast,NEH-TBKK2,1301,1301,True
Ta20_5_1,3,210503228,Contrast,KK2-style-NEH,1323,1323,True
Ta20_5_1,3,210503228,Contrast,FRB4-p1,1287,1287,True
Ta20_5_1,3,210503228,Contrast,INEH-inspired,1292,1292,True
Ta20_5_1,4,210504237,Elite-only,NEH,1302,1302,True
Ta20_5_1,4,210504237,Elite-only,NEH-TBKK2,1301,1301,True
Ta20_5_1,4,210504237,Elite-only,KK2-style-NEH,1323,1323,True
Ta20_5_1,4,210504237,Elite-only,FRB4-p1,1286,1286,True
Ta20_5_1,4,210504237,Elite-only,INEH-inspired,1282,1282,True
Ta20_5_1,4,210504237,Contrast,NEH,1302,1302,True
Ta20_5_1,4,210504237,Contrast,NEH-TBKK2,1301,1301,True
Ta20_5_1,4,210504237,Contrast,KK2-style-NEH,1323,1323,True
Ta20_5_1,4,210504237,Contrast,FRB4-p1,1287,1287,True
Ta20_5_1,4,210504237,Contrast,INEH-inspired,1292,1292,True
Ta20_5_1,5,210505246,Elite-only,NEH,1302,1302,True
Ta20_5_1,5,210505246,Elite-only,NEH-TBKK2,1301,1301,True
Ta20_5_1,5,210505246,Elite-only,KK2-style-NEH,1297,1297,True
Ta20_5_1,5,210505246,Elite-only,FRB4-p1,1287,1287,True
Ta20_5_1,5,210505246,Elite-only,INEH-inspired,1289,1289,True
Ta20_5_1,5,210505246,Contrast,NEH,1302,1302,True
Ta20_5_1,5,210505246,Contrast,NEH-TBKK2,1301,1301,True
Ta20_5_1,5,210505246,Contrast,KK2-style-NEH,1323,1323,True
Ta20_5_1,5,210505246,Contrast,FRB4-p1,1287,1287,True
Ta20_5_1,5,210505246,Contrast,INEH-inspired,1292,1292,True
Ta20_5_10,1,211401210,Elite-only,NEH,1161,1161,True
Ta20_5_10,1,211401210,Elite-only,NEH-TBKK2,1161,1161,True
Ta20_5_10,1,211401210,Elite-only,KK2-style-NEH,1166,1166,True
Ta20_5_10,1,211401210,Elite-only,FRB4-p1,1120,1120,True
Ta20_5_10,1,211401210,Elite-only,INEH-inspired,1128,1128,True
Ta20_5_10,1,211401210,Contrast,NEH,1151,1151,True
Ta20_5_10,1,211401210,Contrast,NEH-TBKK2,1151,1151,True
Ta20_5_10,1,211401210,Contrast,KK2-style-NEH,1166,1166,True
Ta20_5_10,1,211401210,Contrast,FRB4-p1,1120,1120,True
Ta20_5_10,1,211401210,Contrast,INEH-inspired,1128,1128,True
Ta20_5_10,2,211402219,Elite-only,NEH,1151,1151,True
Ta20_5_10,2,211402219,Elite-only,NEH-TBKK2,1151,1151,True
Ta20_5_10,2,211402219,Elite-only,KK2-style-NEH,1166,1166,True
Ta20_5_10,2,211402219,Elite-only,FRB4-p1,1151,1151,True
Ta20_5_10,2,211402219,Elite-only,INEH-inspired,1151,1151,True
Ta20_5_10,2,211402219,Contrast,NEH,1151,1151,True
Ta20_5_10,2,211402219,Contrast,NEH-TBKK2,1151,1151,True
Ta20_5_10,2,211402219,Contrast,KK2-style-NEH,1166,1166,True
Ta20_5_10,2,211402219,Contrast,FRB4-p1,1120,1120,True
Ta20_5_10,2,211402219,Contrast,INEH-inspired,1120,1120,True
Ta20_5_10,3,211403228,Elite-only,NEH,1151,1151,True
Ta20_5_10,3,211403228,Elite-only,NEH-TBKK2,1151,1151,True
Ta20_5_10,3,211403228,Elite-only,KK2-style-NEH,1166,1166,True
Ta20_5_10,3,211403228,Elite-only,FRB4-p1,1120,1120,True
Ta20_5_10,3,211403228,Elite-only,INEH-inspired,1151,1151,True
Ta20_5_10,3,211403228,Contrast,NEH,1151,1151,True
Ta20_5_10,3,211403228,Contrast,NEH-TBKK2,1151,1151,True
Ta20_5_10,3,211403228,Contrast,KK2-style-NEH,1166,1166,True
Ta20_5_10,3,211403228,Contrast,FRB4-p1,1120,1120,True
Ta20_5_10,3,211403228,Contrast,INEH-inspired,1128,1128,True
Ta20_5_10,4,211404237,Elite-only,NEH,1161,1161,True
Ta20_5_10,4,211404237,Elite-only,NEH-TBKK2,1161,1161,True
Ta20_5_10,4,211404237,Elite-only,KK2-style-NEH,1166,1166,True
Ta20_5_10,4,211404237,Elite-only,FRB4-p1,1120,1120,True
Ta20_5_10,4,211404237,Elite-only,INEH-inspired,1128,1128,True
Ta20_5_10,4,211404237,Contrast,NEH,1151,1151,True
Ta20_5_10,4,211404237,Contrast,NEH-TBKK2,1151,1151,True
Ta20_5_10,4,211404237,Contrast,KK2-style-NEH,1164,1164,True
Ta20_5_10,4,211404237,Contrast,FRB4-p1,1120,1120,True
Ta20_5_10,4,211404237,Contrast,INEH-inspired,1120,1120,True
Ta20_5_10,5,211405246,Elite-only,NEH,1161,1161,True
Ta20_5_10,5,211405246,Elite-only,NEH-TBKK2,1161,1161,True
Ta20_5_10,5,211405246,Elite-only,KK2-style-NEH,1166,1166,True
Ta20_5_10,5,211405246,Elite-only,FRB4-p1,1120,1120,True
Ta20_5_10,5,211405246,Elite-only,INEH-inspired,1128,1128,True
Ta20_5_10,5,211405246,Contrast,NEH,1151,1151,True
Ta20_5_10,5,211405246,Contrast,NEH-TBKK2,1151,1151,True
Ta20_5_10,5,211405246,Contrast,KK2-style-NEH,1166,1166,True
Ta20_5_10,5,211405246,Contrast,FRB4-p1,1111,1111,True
Ta20_5_10,5,211405246,Contrast,INEH-inspired,1151,1151,True
Ta20_10_1,1,220501210,Elite-only,NEH,1675,1675,True
Ta20_10_1,1,220501210,Elite-only,NEH-TBKK2,1675,1675,True
Ta20_10_1,1,220501210,Elite-only,KK2-style-NEH,1660,1660,True
Ta20_10_1,1,220501210,Elite-only,FRB4-p1,1592,1592,True
Ta20_10_1,1,220501210,Elite-only,INEH-inspired,1655,1655,True
Ta20_10_1,1,220501210,Contrast,NEH,1675,1675,True
Ta20_10_1,1,220501210,Contrast,NEH-TBKK2,1675,1675,True
Ta20_10_1,1,220501210,Contrast,KK2-style-NEH,1660,1660,True
Ta20_10_1,1,220501210,Contrast,FRB4-p1,1606,1606,True
Ta20_10_1,1,220501210,Contrast,INEH-inspired,1601,1601,True
Ta20_10_1,2,220502219,Elite-only,NEH,1675,1675,True
Ta20_10_1,2,220502219,Elite-only,NEH-TBKK2,1675,1675,True
Ta20_10_1,2,220502219,Elite-only,KK2-style-NEH,1660,1660,True
Ta20_10_1,2,220502219,Elite-only,FRB4-p1,1592,1592,True
Ta20_10_1,2,220502219,Elite-only,INEH-inspired,1638,1638,True
Ta20_10_1,2,220502219,Contrast,NEH,1675,1675,True
Ta20_10_1,2,220502219,Contrast,NEH-TBKK2,1675,1675,True
Ta20_10_1,2,220502219,Contrast,KK2-style-NEH,1668,1668,True
Ta20_10_1,2,220502219,Contrast,FRB4-p1,1606,1606,True
Ta20_10_1,2,220502219,Contrast,INEH-inspired,1601,1601,True
Ta20_10_1,3,220503228,Elite-only,NEH,1675,1675,True
Ta20_10_1,3,220503228,Elite-only,NEH-TBKK2,1675,1675,True
Ta20_10_1,3,220503228,Elite-only,KK2-style-NEH,1660,1660,True
Ta20_10_1,3,220503228,Elite-only,FRB4-p1,1592,1592,True
Ta20_10_1,3,220503228,Elite-only,INEH-inspired,1655,1655,True
Ta20_10_1,3,220503228,Contrast,NEH,1675,1675,True
Ta20_10_1,3,220503228,Contrast,NEH-TBKK2,1675,1675,True
Ta20_10_1,3,220503228,Contrast,KK2-style-NEH,1668,1668,True
Ta20_10_1,3,220503228,Contrast,FRB4-p1,1606,1606,True
Ta20_10_1,3,220503228,Contrast,INEH-inspired,1605,1605,True
Ta20_10_1,4,220504237,Elite-only,NEH,1675,1675,True
Ta20_10_1,4,220504237,Elite-only,NEH-TBKK2,1675,1675,True
Ta20_10_1,4,220504237,Elite-only,KK2-style-NEH,1660,1660,True
Ta20_10_1,4,220504237,Elite-only,FRB4-p1,1592,1592,True
Ta20_10_1,4,220504237,Elite-only,INEH-inspired,1634,1634,True
Ta20_10_1,4,220504237,Contrast,NEH,1675,1675,True
Ta20_10_1,4,220504237,Contrast,NEH-TBKK2,1675,1675,True
Ta20_10_1,4,220504237,Contrast,KK2-style-NEH,1668,1668,True
Ta20_10_1,4,220504237,Contrast,FRB4-p1,1598,1598,True
Ta20_10_1,4,220504237,Contrast,INEH-inspired,1601,1601,True
Ta20_10_1,5,220505246,Elite-only,NEH,1675,1675,True
Ta20_10_1,5,220505246,Elite-only,NEH-TBKK2,1675,1675,True
Ta20_10_1,5,220505246,Elite-only,KK2-style-NEH,1660,1660,True
Ta20_10_1,5,220505246,Elite-only,FRB4-p1,1592,1592,True
Ta20_10_1,5,220505246,Elite-only,INEH-inspired,1633,1633,True
Ta20_10_1,5,220505246,Contrast,NEH,1675,1675,True
Ta20_10_1,5,220505246,Contrast,NEH-TBKK2,1675,1675,True
Ta20_10_1,5,220505246,Contrast,KK2-style-NEH,1668,1668,True
Ta20_10_1,5,220505246,Contrast,FRB4-p1,1606,1606,True
Ta20_10_1,5,220505246,Contrast,INEH-inspired,1601,1601,True
Ta20_10_10,1,221401210,Elite-only,NEH,1653,1653,True
Ta20_10_10,1,221401210,Elite-only,NEH-TBKK2,1653,1653,True
Ta20_10_10,1,221401210,Elite-only,KK2-style-NEH,1749,1749,True
Ta20_10_10,1,221401210,Elite-only,FRB4-p1,1643,1643,True
Ta20_10_10,1,221401210,Elite-only,INEH-inspired,1641,1641,True
Ta20_10_10,1,221401210,Contrast,NEH,1642,1642,True
Ta20_10_10,1,221401210,Contrast,NEH-TBKK2,1642,1642,True
Ta20_10_10,1,221401210,Contrast,KK2-style-NEH,1749,1749,True
Ta20_10_10,1,221401210,Contrast,FRB4-p1,1643,1643,True
Ta20_10_10,1,221401210,Contrast,INEH-inspired,1643,1643,True
Ta20_10_10,2,221402219,Elite-only,NEH,1653,1653,True
Ta20_10_10,2,221402219,Elite-only,NEH-TBKK2,1653,1653,True
Ta20_10_10,2,221402219,Elite-only,KK2-style-NEH,1749,1749,True
Ta20_10_10,2,221402219,Elite-only,FRB4-p1,1643,1643,True
Ta20_10_10,2,221402219,Elite-only,INEH-inspired,1641,1641,True
Ta20_10_10,2,221402219,Contrast,NEH,1653,1653,True
Ta20_10_10,2,221402219,Contrast,NEH-TBKK2,1653,1653,True
Ta20_10_10,2,221402219,Contrast,KK2-style-NEH,1749,1749,True
Ta20_10_10,2,221402219,Contrast,FRB4-p1,1643,1643,True
Ta20_10_10,2,221402219,Contrast,INEH-inspired,1643,1643,True
Ta20_10_10,3,221403228,Elite-only,NEH,1653,1653,True
Ta20_10_10,3,221403228,Elite-only,NEH-TBKK2,1653,1653,True
Ta20_10_10,3,221403228,Elite-only,KK2-style-NEH,1749,1749,True
Ta20_10_10,3,221403228,Elite-only,FRB4-p1,1643,1643,True
Ta20_10_10,3,221403228,Elite-only,INEH-inspired,1641,1641,True
Ta20_10_10,3,221403228,Contrast,NEH,1653,1653,True
Ta20_10_10,3,221403228,Contrast,NEH-TBKK2,1653,1653,True
Ta20_10_10,3,221403228,Contrast,KK2-style-NEH,1749,1749,True
Ta20_10_10,3,221403228,Contrast,FRB4-p1,1643,1643,True
Ta20_10_10,3,221403228,Contrast,INEH-inspired,1643,1643,True
Ta20_10_10,4,221404237,Elite-only,NEH,1653,1653,True
Ta20_10_10,4,221404237,Elite-only,NEH-TBKK2,1653,1653,True
Ta20_10_10,4,221404237,Elite-only,KK2-style-NEH,1749,1749,True
Ta20_10_10,4,221404237,Elite-only,FRB4-p1,1643,1643,True
Ta20_10_10,4,221404237,Elite-only,INEH-inspired,1641,1641,True
Ta20_10_10,4,221404237,Contrast,NEH,1642,1642,True
Ta20_10_10,4,221404237,Contrast,NEH-TBKK2,1642,1642,True
Ta20_10_10,4,221404237,Contrast,KK2-style-NEH,1749,1749,True
Ta20_10_10,4,221404237,Contrast,FRB4-p1,1643,1643,True
Ta20_10_10,4,221404237,Contrast,INEH-inspired,1643,1643,True
Ta20_10_10,5,221405246,Elite-only,NEH,1653,1653,True
Ta20_10_10,5,221405246,Elite-only,NEH-TBKK2,1653,1653,True
Ta20_10_10,5,221405246,Elite-only,KK2-style-NEH,1749,1749,True
Ta20_10_10,5,221405246,Elite-only,FRB4-p1,1643,1643,True
Ta20_10_10,5,221405246,Elite-only,INEH-inspired,1641,1641,True
Ta20_10_10,5,221405246,Contrast,NEH,1642,1642,True
Ta20_10_10,5,221405246,Contrast,NEH-TBKK2,1642,1642,True
Ta20_10_10,5,221405246,Contrast,KK2-style-NEH,1749,1749,True
Ta20_10_10,5,221405246,Contrast,FRB4-p1,1643,1643,True
Ta20_10_10,5,221405246,Contrast,INEH-inspired,1643,1643,True
Ta20_20_1,1,230501210,Elite-only,NEH,2416,2416,True
Ta20_20_1,1,230501210,Elite-only,NEH-TBKK2,2416,2416,True
Ta20_20_1,1,230501210,Elite-only,KK2-style-NEH,2398,2398,True
Ta20_20_1,1,230501210,Elite-only,FRB4-p1,2351,2351,True
Ta20_20_1,1,230501210,Elite-only,INEH-inspired,2351,2351,True
Ta20_20_1,1,230501210,Contrast,NEH,2443,2443,True
Ta20_20_1,1,230501210,Contrast,NEH-TBKK2,2443,2443,True
Ta20_20_1,1,230501210,Contrast,KK2-style-NEH,2398,2398,True
Ta20_20_1,1,230501210,Contrast,FRB4-p1,2358,2358,True
Ta20_20_1,1,230501210,Contrast,INEH-inspired,2350,2350,True
Ta20_20_1,2,230502219,Elite-only,NEH,2416,2416,True
Ta20_20_1,2,230502219,Elite-only,NEH-TBKK2,2416,2416,True
Ta20_20_1,2,230502219,Elite-only,KK2-style-NEH,2398,2398,True
Ta20_20_1,2,230502219,Elite-only,FRB4-p1,2345,2345,True
Ta20_20_1,2,230502219,Elite-only,INEH-inspired,2351,2351,True
Ta20_20_1,2,230502219,Contrast,NEH,2443,2443,True
Ta20_20_1,2,230502219,Contrast,NEH-TBKK2,2443,2443,True
Ta20_20_1,2,230502219,Contrast,KK2-style-NEH,2398,2398,True
Ta20_20_1,2,230502219,Contrast,FRB4-p1,2358,2358,True
Ta20_20_1,2,230502219,Contrast,INEH-inspired,2336,2336,True
Ta20_20_1,3,230503228,Elite-only,NEH,2416,2416,True
Ta20_20_1,3,230503228,Elite-only,NEH-TBKK2,2416,2416,True
Ta20_20_1,3,230503228,Elite-only,KK2-style-NEH,2398,2398,True
Ta20_20_1,3,230503228,Elite-only,FRB4-p1,2345,2345,True
Ta20_20_1,3,230503228,Elite-only,INEH-inspired,2367,2367,True
Ta20_20_1,3,230503228,Contrast,NEH,2443,2443,True
Ta20_20_1,3,230503228,Contrast,NEH-TBKK2,2443,2443,True
Ta20_20_1,3,230503228,Contrast,KK2-style-NEH,2398,2398,True
Ta20_20_1,3,230503228,Contrast,FRB4-p1,2368,2368,True
Ta20_20_1,3,230503228,Contrast,INEH-inspired,2350,2350,True
Ta20_20_1,4,230504237,Elite-only,NEH,2416,2416,True
Ta20_20_1,4,230504237,Elite-only,NEH-TBKK2,2416,2416,True
Ta20_20_1,4,230504237,Elite-only,KK2-style-NEH,2398,2398,True
Ta20_20_1,4,230504237,Elite-only,FRB4-p1,2345,2345,True
Ta20_20_1,4,230504237,Elite-only,INEH-inspired,2351,2351,True
Ta20_20_1,4,230504237,Contrast,NEH,2443,2443,True
Ta20_20_1,4,230504237,Contrast,NEH-TBKK2,2443,2443,True
Ta20_20_1,4,230504237,Contrast,KK2-style-NEH,2398,2398,True
Ta20_20_1,4,230504237,Contrast,FRB4-p1,2368,2368,True
Ta20_20_1,4,230504237,Contrast,INEH-inspired,2367,2367,True
Ta20_20_1,5,230505246,Elite-only,NEH,2416,2416,True
Ta20_20_1,5,230505246,Elite-only,NEH-TBKK2,2416,2416,True
Ta20_20_1,5,230505246,Elite-only,KK2-style-NEH,2398,2398,True
Ta20_20_1,5,230505246,Elite-only,FRB4-p1,2351,2351,True
Ta20_20_1,5,230505246,Elite-only,INEH-inspired,2352,2352,True
Ta20_20_1,5,230505246,Contrast,NEH,2443,2443,True
Ta20_20_1,5,230505246,Contrast,NEH-TBKK2,2443,2443,True
Ta20_20_1,5,230505246,Contrast,KK2-style-NEH,2398,2398,True
Ta20_20_1,5,230505246,Contrast,FRB4-p1,2368,2368,True
Ta20_20_1,5,230505246,Contrast,INEH-inspired,2363,2363,True
Ta20_20_10,1,231401210,Elite-only,NEH,2257,2257,True
Ta20_20_10,1,231401210,Elite-only,NEH-TBKK2,2257,2257,True
Ta20_20_10,1,231401210,Elite-only,KK2-style-NEH,2342,2342,True
Ta20_20_10,1,231401210,Elite-only,FRB4-p1,2243,2243,True
Ta20_20_10,1,231401210,Elite-only,INEH-inspired,2259,2259,True
Ta20_20_10,1,231401210,Contrast,NEH,2257,2257,True
Ta20_20_10,1,231401210,Contrast,NEH-TBKK2,2257,2257,True
Ta20_20_10,1,231401210,Contrast,KK2-style-NEH,2342,2342,True
Ta20_20_10,1,231401210,Contrast,FRB4-p1,2250,2250,True
Ta20_20_10,1,231401210,Contrast,INEH-inspired,2259,2259,True
Ta20_20_10,2,231402219,Elite-only,NEH,2257,2257,True
Ta20_20_10,2,231402219,Elite-only,NEH-TBKK2,2257,2257,True
Ta20_20_10,2,231402219,Elite-only,KK2-style-NEH,2342,2342,True
Ta20_20_10,2,231402219,Elite-only,FRB4-p1,2243,2243,True
Ta20_20_10,2,231402219,Elite-only,INEH-inspired,2259,2259,True
Ta20_20_10,2,231402219,Contrast,NEH,2257,2257,True
Ta20_20_10,2,231402219,Contrast,NEH-TBKK2,2257,2257,True
Ta20_20_10,2,231402219,Contrast,KK2-style-NEH,2342,2342,True
Ta20_20_10,2,231402219,Contrast,FRB4-p1,2250,2250,True
Ta20_20_10,2,231402219,Contrast,INEH-inspired,2259,2259,True
Ta20_20_10,3,231403228,Elite-only,NEH,2257,2257,True
Ta20_20_10,3,231403228,Elite-only,NEH-TBKK2,2257,2257,True
Ta20_20_10,3,231403228,Elite-only,KK2-style-NEH,2342,2342,True
Ta20_20_10,3,231403228,Elite-only,FRB4-p1,2243,2243,True
Ta20_20_10,3,231403228,Elite-only,INEH-inspired,2259,2259,True
Ta20_20_10,3,231403228,Contrast,NEH,2257,2257,True
Ta20_20_10,3,231403228,Contrast,NEH-TBKK2,2257,2257,True
Ta20_20_10,3,231403228,Contrast,KK2-style-NEH,2342,2342,True
Ta20_20_10,3,231403228,Contrast,FRB4-p1,2250,2250,True
Ta20_20_10,3,231403228,Contrast,INEH-inspired,2259,2259,True
Ta20_20_10,4,231404237,Elite-only,NEH,2257,2257,True
Ta20_20_10,4,231404237,Elite-only,NEH-TBKK2,2257,2257,True
Ta20_20_10,4,231404237,Elite-only,KK2-style-NEH,2342,2342,True
Ta20_20_10,4,231404237,Elite-only,FRB4-p1,2250,2250,True
Ta20_20_10,4,231404237,Elite-only,INEH-inspired,2259,2259,True
Ta20_20_10,4,231404237,Contrast,NEH,2257,2257,True
Ta20_20_10,4,231404237,Contrast,NEH-TBKK2,2257,2257,True
Ta20_20_10,4,231404237,Contrast,KK2-style-NEH,2342,2342,True
Ta20_20_10,4,231404237,Contrast,FRB4-p1,2250,2250,True
Ta20_20_10,4,231404237,Contrast,INEH-inspired,2259,2259,True
Ta20_20_10,5,231405246,Elite-only,NEH,2257,2257,True
Ta20_20_10,5,231405246,Elite-only,NEH-TBKK2,2257,2257,True
Ta20_20_10,5,231405246,Elite-only,KK2-style-NEH,2342,2342,True
Ta20_20_10,5,231405246,Elite-only,FRB4-p1,2243,2243,True
Ta20_20_10,5,231405246,Elite-only,INEH-inspired,2259,2259,True
Ta20_20_10,5,231405246,Contrast,NEH,2257,2257,True
Ta20_20_10,5,231405246,Contrast,NEH-TBKK2,2257,2257,True
Ta20_20_10,5,231405246,Contrast,KK2-style-NEH,2342,2342,True
Ta20_20_10,5,231405246,Contrast,FRB4-p1,2250,2250,True
Ta20_20_10,5,231405246,Contrast,INEH-inspired,2259,2259,True
Ta50_5_1,1,505001210,Elite-only,NEH,2731,2731,True
Ta50_5_1,1,505001210,Elite-only,NEH-TBKK2,2733,2733,True
Ta50_5_1,1,505001210,Elite-only,KK2-style-NEH,2737,2737,True
Ta50_5_1,1,505001210,Elite-only,FRB4-p1,2735,2735,True
Ta50_5_1,1,505001210,Elite-only,INEH-inspired,2724,2724,True
Ta50_5_1,1,505001210,Contrast,NEH,2733,2733,True
Ta50_5_1,1,505001210,Contrast,NEH-TBKK2,2729,2729,True
Ta50_5_1,1,505001210,Contrast,KK2-style-NEH,2737,2737,True
Ta50_5_1,1,505001210,Contrast,FRB4-p1,2749,2749,True
Ta50_5_1,1,505001210,Contrast,INEH-inspired,2730,2730,True
Ta50_5_1,2,505002219,Elite-only,NEH,2731,2731,True
Ta50_5_1,2,505002219,Elite-only,NEH-TBKK2,2733,2733,True
Ta50_5_1,2,505002219,Elite-only,KK2-style-NEH,2748,2748,True
Ta50_5_1,2,505002219,Elite-only,FRB4-p1,2729,2729,True
Ta50_5_1,2,505002219,Elite-only,INEH-inspired,2724,2724,True
Ta50_5_1,2,505002219,Contrast,NEH,2733,2733,True
Ta50_5_1,2,505002219,Contrast,NEH-TBKK2,2729,2729,True
Ta50_5_1,2,505002219,Contrast,KK2-style-NEH,2737,2737,True
Ta50_5_1,2,505002219,Contrast,FRB4-p1,2745,2745,True
Ta50_5_1,2,505002219,Contrast,INEH-inspired,2730,2730,True
Ta50_5_1,3,505003228,Elite-only,NEH,2733,2733,True
Ta50_5_1,3,505003228,Elite-only,NEH-TBKK2,2733,2733,True
Ta50_5_1,3,505003228,Elite-only,KK2-style-NEH,2737,2737,True
Ta50_5_1,3,505003228,Elite-only,FRB4-p1,2729,2729,True
Ta50_5_1,3,505003228,Elite-only,INEH-inspired,2724,2724,True
Ta50_5_1,3,505003228,Contrast,NEH,2733,2733,True
Ta50_5_1,3,505003228,Contrast,NEH-TBKK2,2732,2732,True
Ta50_5_1,3,505003228,Contrast,KK2-style-NEH,2737,2737,True
Ta50_5_1,3,505003228,Contrast,FRB4-p1,2745,2745,True
Ta50_5_1,3,505003228,Contrast,INEH-inspired,2730,2730,True
Ta50_5_1,4,505004237,Elite-only,NEH,2733,2733,True
Ta50_5_1,4,505004237,Elite-only,NEH-TBKK2,2733,2733,True
Ta50_5_1,4,505004237,Elite-only,KK2-style-NEH,2737,2737,True
Ta50_5_1,4,505004237,Elite-only,FRB4-p1,2729,2729,True
Ta50_5_1,4,505004237,Elite-only,INEH-inspired,2736,2736,True
Ta50_5_1,4,505004237,Contrast,NEH,2733,2733,True
Ta50_5_1,4,505004237,Contrast,NEH-TBKK2,2729,2729,True
Ta50_5_1,4,505004237,Contrast,KK2-style-NEH,2737,2737,True
Ta50_5_1,4,505004237,Contrast,FRB4-p1,2745,2745,True
Ta50_5_1,4,505004237,Contrast,INEH-inspired,2730,2730,True
Ta50_5_1,5,505005246,Elite-only,NEH,2733,2733,True
Ta50_5_1,5,505005246,Elite-only,NEH-TBKK2,2729,2729,True
Ta50_5_1,5,505005246,Elite-only,KK2-style-NEH,2737,2737,True
Ta50_5_1,5,505005246,Elite-only,FRB4-p1,2729,2729,True
Ta50_5_1,5,505005246,Elite-only,INEH-inspired,2724,2724,True
Ta50_5_1,5,505005246,Contrast,NEH,2733,2733,True
Ta50_5_1,5,505005246,Contrast,NEH-TBKK2,2729,2729,True
Ta50_5_1,5,505005246,Contrast,KK2-style-NEH,2737,2737,True
Ta50_5_1,5,505005246,Contrast,FRB4-p1,2745,2745,True
Ta50_5_1,5,505005246,Contrast,INEH-inspired,2730,2730,True
Ta50_5_10,1,505901210,Elite-only,NEH,2789,2789,True
Ta50_5_10,1,505901210,Elite-only,NEH-TBKK2,2789,2789,True
Ta50_5_10,1,505901210,Elite-only,KK2-style-NEH,2835,2835,True
Ta50_5_10,1,505901210,Elite-only,FRB4-p1,2789,2789,True
Ta50_5_10,1,505901210,Elite-only,INEH-inspired,2788,2788,True
Ta50_5_10,1,505901210,Contrast,NEH,2792,2792,True
Ta50_5_10,1,505901210,Contrast,NEH-TBKK2,2786,2786,True
Ta50_5_10,1,505901210,Contrast,KK2-style-NEH,2835,2835,True
Ta50_5_10,1,505901210,Contrast,FRB4-p1,2787,2787,True
Ta50_5_10,1,505901210,Contrast,INEH-inspired,2782,2782,True
Ta50_5_10,2,505902219,Elite-only,NEH,2792,2792,True
Ta50_5_10,2,505902219,Elite-only,NEH-TBKK2,2792,2792,True
Ta50_5_10,2,505902219,Elite-only,KK2-style-NEH,2835,2835,True
Ta50_5_10,2,505902219,Elite-only,FRB4-p1,2792,2792,True
Ta50_5_10,2,505902219,Elite-only,INEH-inspired,2782,2782,True
Ta50_5_10,2,505902219,Contrast,NEH,2792,2792,True
Ta50_5_10,2,505902219,Contrast,NEH-TBKK2,2786,2786,True
Ta50_5_10,2,505902219,Contrast,KK2-style-NEH,2835,2835,True
Ta50_5_10,2,505902219,Contrast,FRB4-p1,2794,2794,True
Ta50_5_10,2,505902219,Contrast,INEH-inspired,2782,2782,True
Ta50_5_10,3,505903228,Elite-only,NEH,2792,2792,True
Ta50_5_10,3,505903228,Elite-only,NEH-TBKK2,2792,2792,True
Ta50_5_10,3,505903228,Elite-only,KK2-style-NEH,2835,2835,True
Ta50_5_10,3,505903228,Elite-only,FRB4-p1,2795,2795,True
Ta50_5_10,3,505903228,Elite-only,INEH-inspired,2784,2784,True
Ta50_5_10,3,505903228,Contrast,NEH,2792,2792,True
Ta50_5_10,3,505903228,Contrast,NEH-TBKK2,2786,2786,True
Ta50_5_10,3,505903228,Contrast,KK2-style-NEH,2835,2835,True
Ta50_5_10,3,505903228,Contrast,FRB4-p1,2786,2786,True
Ta50_5_10,3,505903228,Contrast,INEH-inspired,2782,2782,True
Ta50_5_10,4,505904237,Elite-only,NEH,2792,2792,True
Ta50_5_10,4,505904237,Elite-only,NEH-TBKK2,2792,2792,True
Ta50_5_10,4,505904237,Elite-only,KK2-style-NEH,2846,2846,True
Ta50_5_10,4,505904237,Elite-only,FRB4-p1,2792,2792,True
Ta50_5_10,4,505904237,Elite-only,INEH-inspired,2784,2784,True
Ta50_5_10,4,505904237,Contrast,NEH,2800,2800,True
Ta50_5_10,4,505904237,Contrast,NEH-TBKK2,2800,2800,True
Ta50_5_10,4,505904237,Contrast,KK2-style-NEH,2835,2835,True
Ta50_5_10,4,505904237,Contrast,FRB4-p1,2800,2800,True
Ta50_5_10,4,505904237,Contrast,INEH-inspired,2782,2782,True
Ta50_5_10,5,505905246,Elite-only,NEH,2792,2792,True
Ta50_5_10,5,505905246,Elite-only,NEH-TBKK2,2792,2792,True
Ta50_5_10,5,505905246,Elite-only,KK2-style-NEH,2835,2835,True
Ta50_5_10,5,505905246,Elite-only,FRB4-p1,2795,2795,True
Ta50_5_10,5,505905246,Elite-only,INEH-inspired,2788,2788,True
Ta50_5_10,5,505905246,Contrast,NEH,2792,2792,True
Ta50_5_10,5,505905246,Contrast,NEH-TBKK2,2786,2786,True
Ta50_5_10,5,505905246,Contrast,KK2-style-NEH,2835,2835,True
Ta50_5_10,5,505905246,Contrast,FRB4-p1,2786,2786,True
Ta50_5_10,5,505905246,Contrast,INEH-inspired,2782,2782,True
Ta50_10_1,1,510101210,Elite-only,NEH,3151,3151,True
Ta50_10_1,1,510101210,Elite-only,NEH-TBKK2,3184,3184,True
Ta50_10_1,1,510101210,Elite-only,KK2-style-NEH,3156,3156,True
Ta50_10_1,1,510101210,Elite-only,FRB4-p1,3110,3110,True
Ta50_10_1,1,510101210,Elite-only,INEH-inspired,3117,3117,True
Ta50_10_1,1,510101210,Contrast,NEH,3138,3138,True
Ta50_10_1,1,510101210,Contrast,NEH-TBKK2,3130,3130,True
Ta50_10_1,1,510101210,Contrast,KK2-style-NEH,3119,3119,True
Ta50_10_1,1,510101210,Contrast,FRB4-p1,3131,3131,True
Ta50_10_1,1,510101210,Contrast,INEH-inspired,3114,3114,True
Ta50_10_1,2,510102219,Elite-only,NEH,3151,3151,True
Ta50_10_1,2,510102219,Elite-only,NEH-TBKK2,3206,3206,True
Ta50_10_1,2,510102219,Elite-only,KK2-style-NEH,3153,3153,True
Ta50_10_1,2,510102219,Elite-only,FRB4-p1,3126,3126,True
Ta50_10_1,2,510102219,Elite-only,INEH-inspired,3122,3122,True
Ta50_10_1,2,510102219,Contrast,NEH,3138,3138,True
Ta50_10_1,2,510102219,Contrast,NEH-TBKK2,3130,3130,True
Ta50_10_1,2,510102219,Contrast,KK2-style-NEH,3192,3192,True
Ta50_10_1,2,510102219,Contrast,FRB4-p1,3139,3139,True
Ta50_10_1,2,510102219,Contrast,INEH-inspired,3117,3117,True
Ta50_10_1,3,510103228,Elite-only,NEH,3151,3151,True
Ta50_10_1,3,510103228,Elite-only,NEH-TBKK2,3206,3206,True
Ta50_10_1,3,510103228,Elite-only,KK2-style-NEH,3177,3177,True
Ta50_10_1,3,510103228,Elite-only,FRB4-p1,3135,3135,True
Ta50_10_1,3,510103228,Elite-only,INEH-inspired,3133,3133,True
Ta50_10_1,3,510103228,Contrast,NEH,3138,3138,True
Ta50_10_1,3,510103228,Contrast,NEH-TBKK2,3130,3130,True
Ta50_10_1,3,510103228,Contrast,KK2-style-NEH,3119,3119,True
Ta50_10_1,3,510103228,Contrast,FRB4-p1,3133,3133,True
Ta50_10_1,3,510103228,Contrast,INEH-inspired,3123,3123,True
Ta50_10_1,4,510104237,Elite-only,NEH,3151,3151,True
Ta50_10_1,4,510104237,Elite-only,NEH-TBKK2,3206,3206,True
Ta50_10_1,4,510104237,Elite-only,KK2-style-NEH,3156,3156,True
Ta50_10_1,4,510104237,Elite-only,FRB4-p1,3089,3089,True
Ta50_10_1,4,510104237,Elite-only,INEH-inspired,3134,3134,True
Ta50_10_1,4,510104237,Contrast,NEH,3138,3138,True
Ta50_10_1,4,510104237,Contrast,NEH-TBKK2,3130,3130,True
Ta50_10_1,4,510104237,Contrast,KK2-style-NEH,3119,3119,True
Ta50_10_1,4,510104237,Contrast,FRB4-p1,3135,3135,True
Ta50_10_1,4,510104237,Contrast,INEH-inspired,3123,3123,True
Ta50_10_1,5,510105246,Elite-only,NEH,3151,3151,True
Ta50_10_1,5,510105246,Elite-only,NEH-TBKK2,3184,3184,True
Ta50_10_1,5,510105246,Elite-only,KK2-style-NEH,3153,3153,True
Ta50_10_1,5,510105246,Elite-only,FRB4-p1,3099,3099,True
Ta50_10_1,5,510105246,Elite-only,INEH-inspired,3104,3104,True
Ta50_10_1,5,510105246,Contrast,NEH,3138,3138,True
Ta50_10_1,5,510105246,Contrast,NEH-TBKK2,3130,3130,True
Ta50_10_1,5,510105246,Contrast,KK2-style-NEH,3192,3192,True
Ta50_10_1,5,510105246,Contrast,FRB4-p1,3133,3133,True
Ta50_10_1,5,510105246,Contrast,INEH-inspired,3128,3128,True
Ta50_10_10,1,511001210,Elite-only,NEH,3209,3209,True
Ta50_10_10,1,511001210,Elite-only,NEH-TBKK2,3211,3211,True
Ta50_10_10,1,511001210,Elite-only,KK2-style-NEH,3218,3218,True
Ta50_10_10,1,511001210,Elite-only,FRB4-p1,3220,3220,True
Ta50_10_10,1,511001210,Elite-only,INEH-inspired,3195,3195,True
Ta50_10_10,1,511001210,Contrast,NEH,3195,3195,True
Ta50_10_10,1,511001210,Contrast,NEH-TBKK2,3258,3258,True
Ta50_10_10,1,511001210,Contrast,KK2-style-NEH,3218,3218,True
Ta50_10_10,1,511001210,Contrast,FRB4-p1,3208,3208,True
Ta50_10_10,1,511001210,Contrast,INEH-inspired,3195,3195,True
Ta50_10_10,2,511002219,Elite-only,NEH,3209,3209,True
Ta50_10_10,2,511002219,Elite-only,NEH-TBKK2,3211,3211,True
Ta50_10_10,2,511002219,Elite-only,KK2-style-NEH,3218,3218,True
Ta50_10_10,2,511002219,Elite-only,FRB4-p1,3203,3203,True
Ta50_10_10,2,511002219,Elite-only,INEH-inspired,3215,3215,True
Ta50_10_10,2,511002219,Contrast,NEH,3195,3195,True
Ta50_10_10,2,511002219,Contrast,NEH-TBKK2,3258,3258,True
Ta50_10_10,2,511002219,Contrast,KK2-style-NEH,3218,3218,True
Ta50_10_10,2,511002219,Contrast,FRB4-p1,3203,3203,True
Ta50_10_10,2,511002219,Contrast,INEH-inspired,3195,3195,True
Ta50_10_10,3,511003228,Elite-only,NEH,3209,3209,True
Ta50_10_10,3,511003228,Elite-only,NEH-TBKK2,3240,3240,True
Ta50_10_10,3,511003228,Elite-only,KK2-style-NEH,3218,3218,True
Ta50_10_10,3,511003228,Elite-only,FRB4-p1,3210,3210,True
Ta50_10_10,3,511003228,Elite-only,INEH-inspired,3168,3168,True
Ta50_10_10,3,511003228,Contrast,NEH,3195,3195,True
Ta50_10_10,3,511003228,Contrast,NEH-TBKK2,3258,3258,True
Ta50_10_10,3,511003228,Contrast,KK2-style-NEH,3218,3218,True
Ta50_10_10,3,511003228,Contrast,FRB4-p1,3204,3204,True
Ta50_10_10,3,511003228,Contrast,INEH-inspired,3195,3195,True
Ta50_10_10,4,511004237,Elite-only,NEH,3195,3195,True
Ta50_10_10,4,511004237,Elite-only,NEH-TBKK2,3204,3204,True
Ta50_10_10,4,511004237,Elite-only,KK2-style-NEH,3218,3218,True
Ta50_10_10,4,511004237,Elite-only,FRB4-p1,3195,3195,True
Ta50_10_10,4,511004237,Elite-only,INEH-inspired,3202,3202,True
Ta50_10_10,4,511004237,Contrast,NEH,3195,3195,True
Ta50_10_10,4,511004237,Contrast,NEH-TBKK2,3258,3258,True
Ta50_10_10,4,511004237,Contrast,KK2-style-NEH,3218,3218,True
Ta50_10_10,4,511004237,Contrast,FRB4-p1,3189,3189,True
Ta50_10_10,4,511004237,Contrast,INEH-inspired,3195,3195,True
Ta50_10_10,5,511005246,Elite-only,NEH,3195,3195,True
Ta50_10_10,5,511005246,Elite-only,NEH-TBKK2,3205,3205,True
Ta50_10_10,5,511005246,Elite-only,KK2-style-NEH,3241,3241,True
Ta50_10_10,5,511005246,Elite-only,FRB4-p1,3204,3204,True
Ta50_10_10,5,511005246,Elite-only,INEH-inspired,3198,3198,True
Ta50_10_10,5,511005246,Contrast,NEH,3195,3195,True
Ta50_10_10,5,511005246,Contrast,NEH-TBKK2,3258,3258,True
Ta50_10_10,5,511005246,Contrast,KK2-style-NEH,3218,3218,True
Ta50_10_10,5,511005246,Contrast,FRB4-p1,3204,3204,True
Ta50_10_10,5,511005246,Contrast,INEH-inspired,3195,3195,True
Ta50_20_1,1,410201210,Elite-only,NEH,4082,4082,True
Ta50_20_1,1,410201210,Elite-only,NEH-TBKK2,4095,4095,True
Ta50_20_1,1,410201210,Elite-only,KK2-style-NEH,4132,4132,True
Ta50_20_1,1,410201210,Elite-only,FRB4-p1,4011,4011,True
Ta50_20_1,1,410201210,Elite-only,INEH-inspired,4101,4101,True
Ta50_20_1,1,410201210,Contrast,NEH,4082,4082,True
Ta50_20_1,1,410201210,Contrast,NEH-TBKK2,4082,4082,True
Ta50_20_1,1,410201210,Contrast,KK2-style-NEH,4132,4132,True
Ta50_20_1,1,410201210,Contrast,FRB4-p1,4066,4066,True
Ta50_20_1,1,410201210,Contrast,INEH-inspired,4018,4018,True
Ta50_20_1,2,410202219,Elite-only,NEH,4082,4082,True
Ta50_20_1,2,410202219,Elite-only,NEH-TBKK2,4082,4082,True
Ta50_20_1,2,410202219,Elite-only,KK2-style-NEH,4132,4132,True
Ta50_20_1,2,410202219,Elite-only,FRB4-p1,4038,4038,True
Ta50_20_1,2,410202219,Elite-only,INEH-inspired,4078,4078,True
Ta50_20_1,2,410202219,Contrast,NEH,4082,4082,True
Ta50_20_1,2,410202219,Contrast,NEH-TBKK2,4082,4082,True
Ta50_20_1,2,410202219,Contrast,KK2-style-NEH,4132,4132,True
Ta50_20_1,2,410202219,Contrast,FRB4-p1,3991,3991,True
Ta50_20_1,2,410202219,Contrast,INEH-inspired,4002,4002,True
Ta50_20_1,3,410203228,Elite-only,NEH,4082,4082,True
Ta50_20_1,3,410203228,Elite-only,NEH-TBKK2,4082,4082,True
Ta50_20_1,3,410203228,Elite-only,KK2-style-NEH,4132,4132,True
Ta50_20_1,3,410203228,Elite-only,FRB4-p1,4039,4039,True
Ta50_20_1,3,410203228,Elite-only,INEH-inspired,4030,4030,True
Ta50_20_1,3,410203228,Contrast,NEH,4082,4082,True
Ta50_20_1,3,410203228,Contrast,NEH-TBKK2,4082,4082,True
Ta50_20_1,3,410203228,Contrast,KK2-style-NEH,4132,4132,True
Ta50_20_1,3,410203228,Contrast,FRB4-p1,4064,4064,True
Ta50_20_1,3,410203228,Contrast,INEH-inspired,4003,4003,True
Ta50_20_1,4,410204237,Elite-only,NEH,4082,4082,True
Ta50_20_1,4,410204237,Elite-only,NEH-TBKK2,4095,4095,True
Ta50_20_1,4,410204237,Elite-only,KK2-style-NEH,4132,4132,True
Ta50_20_1,4,410204237,Elite-only,FRB4-p1,4034,4034,True
Ta50_20_1,4,410204237,Elite-only,INEH-inspired,4038,4038,True
Ta50_20_1,4,410204237,Contrast,NEH,4082,4082,True
Ta50_20_1,4,410204237,Contrast,NEH-TBKK2,4082,4082,True
Ta50_20_1,4,410204237,Contrast,KK2-style-NEH,4132,4132,True
Ta50_20_1,4,410204237,Contrast,FRB4-p1,4023,4023,True
Ta50_20_1,4,410204237,Contrast,INEH-inspired,4049,4049,True
Ta50_20_1,5,410205246,Elite-only,NEH,4082,4082,True
Ta50_20_1,5,410205246,Elite-only,NEH-TBKK2,4082,4082,True
Ta50_20_1,5,410205246,Elite-only,KK2-style-NEH,4132,4132,True
Ta50_20_1,5,410205246,Elite-only,FRB4-p1,4023,4023,True
Ta50_20_1,5,410205246,Elite-only,INEH-inspired,4023,4023,True
Ta50_20_1,5,410205246,Contrast,NEH,4082,4082,True
Ta50_20_1,5,410205246,Contrast,NEH-TBKK2,4082,4082,True
Ta50_20_1,5,410205246,Contrast,KK2-style-NEH,4132,4132,True
Ta50_20_1,5,410205246,Contrast,FRB4-p1,4015,4015,True
Ta50_20_1,5,410205246,Contrast,INEH-inspired,4048,4048,True
Ta50_20_10,1,411101210,Elite-only,NEH,4063,4063,True
Ta50_20_10,1,411101210,Elite-only,NEH-TBKK2,4012,4012,True
Ta50_20_10,1,411101210,Elite-only,KK2-style-NEH,4064,4064,True
Ta50_20_10,1,411101210,Elite-only,FRB4-p1,3943,3943,True
Ta50_20_10,1,411101210,Elite-only,INEH-inspired,3910,3910,True
Ta50_20_10,1,411101210,Contrast,NEH,4063,4063,True
Ta50_20_10,1,411101210,Contrast,NEH-TBKK2,4012,4012,True
Ta50_20_10,1,411101210,Contrast,KK2-style-NEH,4091,4091,True
Ta50_20_10,1,411101210,Contrast,FRB4-p1,3913,3913,True
Ta50_20_10,1,411101210,Contrast,INEH-inspired,3926,3926,True
Ta50_20_10,2,411102219,Elite-only,NEH,4063,4063,True
Ta50_20_10,2,411102219,Elite-only,NEH-TBKK2,4012,4012,True
Ta50_20_10,2,411102219,Elite-only,KK2-style-NEH,4064,4064,True
Ta50_20_10,2,411102219,Elite-only,FRB4-p1,3930,3930,True
Ta50_20_10,2,411102219,Elite-only,INEH-inspired,3950,3950,True
Ta50_20_10,2,411102219,Contrast,NEH,4063,4063,True
Ta50_20_10,2,411102219,Contrast,NEH-TBKK2,4012,4012,True
Ta50_20_10,2,411102219,Contrast,KK2-style-NEH,4091,4091,True
Ta50_20_10,2,411102219,Contrast,FRB4-p1,3914,3914,True
Ta50_20_10,2,411102219,Contrast,INEH-inspired,3919,3919,True
Ta50_20_10,3,411103228,Elite-only,NEH,4063,4063,True
Ta50_20_10,3,411103228,Elite-only,NEH-TBKK2,4012,4012,True
Ta50_20_10,3,411103228,Elite-only,KK2-style-NEH,4064,4064,True
Ta50_20_10,3,411103228,Elite-only,FRB4-p1,3947,3947,True
Ta50_20_10,3,411103228,Elite-only,INEH-inspired,3939,3939,True
Ta50_20_10,3,411103228,Contrast,NEH,4063,4063,True
Ta50_20_10,3,411103228,Contrast,NEH-TBKK2,4012,4012,True
Ta50_20_10,3,411103228,Contrast,KK2-style-NEH,4091,4091,True
Ta50_20_10,3,411103228,Contrast,FRB4-p1,3933,3933,True
Ta50_20_10,3,411103228,Contrast,INEH-inspired,3939,3939,True
Ta50_20_10,4,411104237,Elite-only,NEH,4063,4063,True
Ta50_20_10,4,411104237,Elite-only,NEH-TBKK2,4012,4012,True
Ta50_20_10,4,411104237,Elite-only,KK2-style-NEH,4064,4064,True
Ta50_20_10,4,411104237,Elite-only,FRB4-p1,3943,3943,True
Ta50_20_10,4,411104237,Elite-only,INEH-inspired,3899,3899,True
Ta50_20_10,4,411104237,Contrast,NEH,4063,4063,True
Ta50_20_10,4,411104237,Contrast,NEH-TBKK2,4012,4012,True
Ta50_20_10,4,411104237,Contrast,KK2-style-NEH,4091,4091,True
Ta50_20_10,4,411104237,Contrast,FRB4-p1,3929,3929,True
Ta50_20_10,4,411104237,Contrast,INEH-inspired,3911,3911,True
Ta50_20_10,5,411105246,Elite-only,NEH,4063,4063,True
Ta50_20_10,5,411105246,Elite-only,NEH-TBKK2,4012,4012,True
Ta50_20_10,5,411105246,Elite-only,KK2-style-NEH,4064,4064,True
Ta50_20_10,5,411105246,Elite-only,FRB4-p1,3959,3959,True
Ta50_20_10,5,411105246,Elite-only,INEH-inspired,3934,3934,True
Ta50_20_10,5,411105246,Contrast,NEH,4063,4063,True
Ta50_20_10,5,411105246,Contrast,NEH-TBKK2,4012,4012,True
Ta50_20_10,5,411105246,Contrast,KK2-style-NEH,4091,4091,True
Ta50_20_10,5,411105246,Contrast,FRB4-p1,3927,3927,True
Ta50_20_10,5,411105246,Contrast,INEH-inspired,3943,3943,True
Ta100_5_1,1,170501210,Elite-only,NEH,5516,5516,True
Ta100_5_1,1,170501210,Elite-only,NEH-TBKK2,5516,5516,True
Ta100_5_1,1,170501210,Elite-only,KK2-style-NEH,5565,5565,True
Ta100_5_1,1,170501210,Elite-only,FRB4-p1,5514,5514,True
Ta100_5_1,1,170501210,Elite-only,INEH-inspired,5529,5529,True
Ta100_5_1,1,170501210,Contrast,NEH,5516,5516,True
Ta100_5_1,1,170501210,Contrast,NEH-TBKK2,5535,5535,True
Ta100_5_1,1,170501210,Contrast,KK2-style-NEH,5565,5565,True
Ta100_5_1,1,170501210,Contrast,FRB4-p1,5504,5504,True
Ta100_5_1,1,170501210,Contrast,INEH-inspired,5529,5529,True
Ta100_5_1,2,170502219,Elite-only,NEH,5516,5516,True
Ta100_5_1,2,170502219,Elite-only,NEH-TBKK2,5535,5535,True
Ta100_5_1,2,170502219,Elite-only,KK2-style-NEH,5565,5565,True
Ta100_5_1,2,170502219,Elite-only,FRB4-p1,5495,5495,True
Ta100_5_1,2,170502219,Elite-only,INEH-inspired,5527,5527,True
Ta100_5_1,2,170502219,Contrast,NEH,5516,5516,True
Ta100_5_1,2,170502219,Contrast,NEH-TBKK2,5495,5495,True
Ta100_5_1,2,170502219,Contrast,KK2-style-NEH,5620,5620,True
Ta100_5_1,2,170502219,Contrast,FRB4-p1,5514,5514,True
Ta100_5_1,2,170502219,Contrast,INEH-inspired,5517,5517,True
Ta100_5_1,3,170503228,Elite-only,NEH,5516,5516,True
Ta100_5_1,3,170503228,Elite-only,NEH-TBKK2,5516,5516,True
Ta100_5_1,3,170503228,Elite-only,KK2-style-NEH,5582,5582,True
Ta100_5_1,3,170503228,Elite-only,FRB4-p1,5514,5514,True
Ta100_5_1,3,170503228,Elite-only,INEH-inspired,5527,5527,True
Ta100_5_1,3,170503228,Contrast,NEH,5516,5516,True
Ta100_5_1,3,170503228,Contrast,NEH-TBKK2,5535,5535,True
Ta100_5_1,3,170503228,Contrast,KK2-style-NEH,5575,5575,True
Ta100_5_1,3,170503228,Contrast,FRB4-p1,5504,5504,True
Ta100_5_1,3,170503228,Contrast,INEH-inspired,5514,5514,True
Ta100_5_1,4,170504237,Elite-only,NEH,5516,5516,True
Ta100_5_1,4,170504237,Elite-only,NEH-TBKK2,5514,5514,True
Ta100_5_1,4,170504237,Elite-only,KK2-style-NEH,5527,5527,True
Ta100_5_1,4,170504237,Elite-only,FRB4-p1,5514,5514,True
Ta100_5_1,4,170504237,Elite-only,INEH-inspired,5527,5527,True
Ta100_5_1,4,170504237,Contrast,NEH,5516,5516,True
Ta100_5_1,4,170504237,Contrast,NEH-TBKK2,5535,5535,True
Ta100_5_1,4,170504237,Contrast,KK2-style-NEH,5565,5565,True
Ta100_5_1,4,170504237,Contrast,FRB4-p1,5503,5503,True
Ta100_5_1,4,170504237,Contrast,INEH-inspired,5527,5527,True
Ta100_5_1,5,170505246,Elite-only,NEH,5516,5516,True
Ta100_5_1,5,170505246,Elite-only,NEH-TBKK2,5535,5535,True
Ta100_5_1,5,170505246,Elite-only,KK2-style-NEH,5589,5589,True
Ta100_5_1,5,170505246,Elite-only,FRB4-p1,5495,5495,True
Ta100_5_1,5,170505246,Elite-only,INEH-inspired,5535,5535,True
Ta100_5_1,5,170505246,Contrast,NEH,5516,5516,True
Ta100_5_1,5,170505246,Contrast,NEH-TBKK2,5495,5495,True
Ta100_5_1,5,170505246,Contrast,KK2-style-NEH,5583,5583,True
Ta100_5_1,5,170505246,Contrast,FRB4-p1,5494,5494,True
Ta100_5_1,5,170505246,Contrast,INEH-inspired,5535,5535,True
Ta100_5_10,1,171401210,Elite-only,NEH,5345,5345,True
Ta100_5_10,1,171401210,Elite-only,NEH-TBKK2,5346,5346,True
Ta100_5_10,1,171401210,Elite-only,KK2-style-NEH,5346,5346,True
Ta100_5_10,1,171401210,Elite-only,FRB4-p1,5322,5322,True
Ta100_5_10,1,171401210,Elite-only,INEH-inspired,5346,5346,True
Ta100_5_10,1,171401210,Contrast,NEH,5353,5353,True
Ta100_5_10,1,171401210,Contrast,NEH-TBKK2,5342,5342,True
Ta100_5_10,1,171401210,Contrast,KK2-style-NEH,5346,5346,True
Ta100_5_10,1,171401210,Contrast,FRB4-p1,5346,5346,True
Ta100_5_10,1,171401210,Contrast,INEH-inspired,5340,5340,True
Ta100_5_10,2,171402219,Elite-only,NEH,5349,5349,True
Ta100_5_10,2,171402219,Elite-only,NEH-TBKK2,5342,5342,True
Ta100_5_10,2,171402219,Elite-only,KK2-style-NEH,5346,5346,True
Ta100_5_10,2,171402219,Elite-only,FRB4-p1,5346,5346,True
Ta100_5_10,2,171402219,Elite-only,INEH-inspired,5346,5346,True
Ta100_5_10,2,171402219,Contrast,NEH,5354,5354,True
Ta100_5_10,2,171402219,Contrast,NEH-TBKK2,5330,5330,True
Ta100_5_10,2,171402219,Contrast,KK2-style-NEH,5363,5363,True
Ta100_5_10,2,171402219,Contrast,FRB4-p1,5341,5341,True
Ta100_5_10,2,171402219,Contrast,INEH-inspired,5328,5328,True
Ta100_5_10,3,171403228,Elite-only,NEH,5349,5349,True
Ta100_5_10,3,171403228,Elite-only,NEH-TBKK2,5354,5354,True
Ta100_5_10,3,171403228,Elite-only,KK2-style-NEH,5368,5368,True
Ta100_5_10,3,171403228,Elite-only,FRB4-p1,5337,5337,True
Ta100_5_10,3,171403228,Elite-only,INEH-inspired,5340,5340,True
Ta100_5_10,3,171403228,Contrast,NEH,5354,5354,True
Ta100_5_10,3,171403228,Contrast,NEH-TBKK2,5345,5345,True
Ta100_5_10,3,171403228,Contrast,KK2-style-NEH,5346,5346,True
Ta100_5_10,3,171403228,Contrast,FRB4-p1,5346,5346,True
Ta100_5_10,3,171403228,Contrast,INEH-inspired,5346,5346,True
Ta100_5_10,4,171404237,Elite-only,NEH,5354,5354,True
Ta100_5_10,4,171404237,Elite-only,NEH-TBKK2,5354,5354,True
Ta100_5_10,4,171404237,Elite-only,KK2-style-NEH,5360,5360,True
Ta100_5_10,4,171404237,Elite-only,FRB4-p1,5337,5337,True
Ta100_5_10,4,171404237,Elite-only,INEH-inspired,5346,5346,True
Ta100_5_10,4,171404237,Contrast,NEH,5354,5354,True
Ta100_5_10,4,171404237,Contrast,NEH-TBKK2,5354,5354,True
Ta100_5_10,4,171404237,Contrast,KK2-style-NEH,5346,5346,True
Ta100_5_10,4,171404237,Contrast,FRB4-p1,5346,5346,True
Ta100_5_10,4,171404237,Contrast,INEH-inspired,5328,5328,True
Ta100_5_10,5,171405246,Elite-only,NEH,5354,5354,True
Ta100_5_10,5,171405246,Elite-only,NEH-TBKK2,5354,5354,True
Ta100_5_10,5,171405246,Elite-only,KK2-style-NEH,5359,5359,True
Ta100_5_10,5,171405246,Elite-only,FRB4-p1,5341,5341,True
Ta100_5_10,5,171405246,Elite-only,INEH-inspired,5340,5340,True
Ta100_5_10,5,171405246,Contrast,NEH,5349,5349,True
Ta100_5_10,5,171405246,Contrast,NEH-TBKK2,5354,5354,True
Ta100_5_10,5,171405246,Contrast,KK2-style-NEH,5359,5359,True
Ta100_5_10,5,171405246,Contrast,FRB4-p1,5346,5346,True
Ta100_5_10,5,171405246,Contrast,INEH-inspired,5328,5328,True
Ta100_10_1,1,180501210,Elite-only,NEH,5830,5830,True
Ta100_10_1,1,180501210,Elite-only,NEH-TBKK2,5907,5907,True
Ta100_10_1,1,180501210,Elite-only,KK2-style-NEH,5954,5954,True
Ta100_10_1,1,180501210,Elite-only,FRB4-p1,5788,5788,True
Ta100_10_1,1,180501210,Elite-only,INEH-inspired,5855,5855,True
Ta100_10_1,1,180501210,Contrast,NEH,5882,5882,True
Ta100_10_1,1,180501210,Contrast,NEH-TBKK2,5892,5892,True
Ta100_10_1,1,180501210,Contrast,KK2-style-NEH,5950,5950,True
Ta100_10_1,1,180501210,Contrast,FRB4-p1,5832,5832,True
Ta100_10_1,1,180501210,Contrast,INEH-inspired,5880,5880,True
Ta100_10_1,2,180502219,Elite-only,NEH,5878,5878,True
Ta100_10_1,2,180502219,Elite-only,NEH-TBKK2,5907,5907,True
Ta100_10_1,2,180502219,Elite-only,KK2-style-NEH,5979,5979,True
Ta100_10_1,2,180502219,Elite-only,FRB4-p1,5804,5804,True
Ta100_10_1,2,180502219,Elite-only,INEH-inspired,5852,5852,True
Ta100_10_1,2,180502219,Contrast,NEH,5851,5851,True
Ta100_10_1,2,180502219,Contrast,NEH-TBKK2,5907,5907,True
Ta100_10_1,2,180502219,Contrast,KK2-style-NEH,5950,5950,True
Ta100_10_1,2,180502219,Contrast,FRB4-p1,5829,5829,True
Ta100_10_1,2,180502219,Contrast,INEH-inspired,5893,5893,True
Ta100_10_1,3,180503228,Elite-only,NEH,5882,5882,True
Ta100_10_1,3,180503228,Elite-only,NEH-TBKK2,5907,5907,True
Ta100_10_1,3,180503228,Elite-only,KK2-style-NEH,5954,5954,True
Ta100_10_1,3,180503228,Elite-only,FRB4-p1,5829,5829,True
Ta100_10_1,3,180503228,Elite-only,INEH-inspired,5879,5879,True
Ta100_10_1,3,180503228,Contrast,NEH,5883,5883,True
Ta100_10_1,3,180503228,Contrast,NEH-TBKK2,5872,5872,True
Ta100_10_1,3,180503228,Contrast,KK2-style-NEH,5995,5995,True
Ta100_10_1,3,180503228,Contrast,FRB4-p1,5851,5851,True
Ta100_10_1,3,180503228,Contrast,INEH-inspired,5841,5841,True
Ta100_10_1,4,180504237,Elite-only,NEH,5858,5858,True
Ta100_10_1,4,180504237,Elite-only,NEH-TBKK2,5872,5872,True
Ta100_10_1,4,180504237,Elite-only,KK2-style-NEH,5954,5954,True
Ta100_10_1,4,180504237,Elite-only,FRB4-p1,5829,5829,True
Ta100_10_1,4,180504237,Elite-only,INEH-inspired,5873,5873,True
Ta100_10_1,4,180504237,Contrast,NEH,5882,5882,True
Ta100_10_1,4,180504237,Contrast,NEH-TBKK2,5890,5890,True
Ta100_10_1,4,180504237,Contrast,KK2-style-NEH,5995,5995,True
Ta100_10_1,4,180504237,Contrast,FRB4-p1,5849,5849,True
Ta100_10_1,4,180504237,Contrast,INEH-inspired,5874,5874,True
Ta100_10_1,5,180505246,Elite-only,NEH,5861,5861,True
Ta100_10_1,5,180505246,Elite-only,NEH-TBKK2,5890,5890,True
Ta100_10_1,5,180505246,Elite-only,KK2-style-NEH,5954,5954,True
Ta100_10_1,5,180505246,Elite-only,FRB4-p1,5800,5800,True
Ta100_10_1,5,180505246,Elite-only,INEH-inspired,5834,5834,True
Ta100_10_1,5,180505246,Contrast,NEH,5890,5890,True
Ta100_10_1,5,180505246,Contrast,NEH-TBKK2,5876,5876,True
Ta100_10_1,5,180505246,Contrast,KK2-style-NEH,5995,5995,True
Ta100_10_1,5,180505246,Contrast,FRB4-p1,5820,5820,True
Ta100_10_1,5,180505246,Contrast,INEH-inspired,5902,5902,True
Ta100_10_10,1,181401210,Elite-only,NEH,5903,5903,True
Ta100_10_10,1,181401210,Elite-only,NEH-TBKK2,5917,5917,True
Ta100_10_10,1,181401210,Elite-only,KK2-style-NEH,5932,5932,True
Ta100_10_10,1,181401210,Elite-only,FRB4-p1,5903,5903,True
Ta100_10_10,1,181401210,Elite-only,INEH-inspired,5903,5903,True
Ta100_10_10,1,181401210,Contrast,NEH,5914,5914,True
Ta100_10_10,1,181401210,Contrast,NEH-TBKK2,5903,5903,True
Ta100_10_10,1,181401210,Contrast,KK2-style-NEH,5903,5903,True
Ta100_10_10,1,181401210,Contrast,FRB4-p1,5903,5903,True
Ta100_10_10,1,181401210,Contrast,INEH-inspired,5923,5923,True
Ta100_10_10,2,181402219,Elite-only,NEH,5907,5907,True
Ta100_10_10,2,181402219,Elite-only,NEH-TBKK2,5903,5903,True
Ta100_10_10,2,181402219,Elite-only,KK2-style-NEH,5974,5974,True
Ta100_10_10,2,181402219,Elite-only,FRB4-p1,5903,5903,True
Ta100_10_10,2,181402219,Elite-only,INEH-inspired,5917,5917,True
Ta100_10_10,2,181402219,Contrast,NEH,5907,5907,True
Ta100_10_10,2,181402219,Contrast,NEH-TBKK2,5932,5932,True
Ta100_10_10,2,181402219,Contrast,KK2-style-NEH,5978,5978,True
Ta100_10_10,2,181402219,Contrast,FRB4-p1,5903,5903,True
Ta100_10_10,2,181402219,Contrast,INEH-inspired,5903,5903,True
Ta100_10_10,3,181403228,Elite-only,NEH,5943,5943,True
Ta100_10_10,3,181403228,Elite-only,NEH-TBKK2,5932,5932,True
Ta100_10_10,3,181403228,Elite-only,KK2-style-NEH,5974,5974,True
Ta100_10_10,3,181403228,Elite-only,FRB4-p1,5903,5903,True
Ta100_10_10,3,181403228,Elite-only,INEH-inspired,5903,5903,True
Ta100_10_10,3,181403228,Contrast,NEH,5903,5903,True
Ta100_10_10,3,181403228,Contrast,NEH-TBKK2,5932,5932,True
Ta100_10_10,3,181403228,Contrast,KK2-style-NEH,5959,5959,True
Ta100_10_10,3,181403228,Contrast,FRB4-p1,5903,5903,True
Ta100_10_10,3,181403228,Contrast,INEH-inspired,5903,5903,True
Ta100_10_10,4,181404237,Elite-only,NEH,5943,5943,True
Ta100_10_10,4,181404237,Elite-only,NEH-TBKK2,5903,5903,True
Ta100_10_10,4,181404237,Elite-only,KK2-style-NEH,5928,5928,True
Ta100_10_10,4,181404237,Elite-only,FRB4-p1,5903,5903,True
Ta100_10_10,4,181404237,Elite-only,INEH-inspired,5903,5903,True
Ta100_10_10,4,181404237,Contrast,NEH,5903,5903,True
Ta100_10_10,4,181404237,Contrast,NEH-TBKK2,5903,5903,True
Ta100_10_10,4,181404237,Contrast,KK2-style-NEH,5929,5929,True
Ta100_10_10,4,181404237,Contrast,FRB4-p1,5903,5903,True
Ta100_10_10,4,181404237,Contrast,INEH-inspired,5903,5903,True
Ta100_10_10,5,181405246,Elite-only,NEH,5920,5920,True
Ta100_10_10,5,181405246,Elite-only,NEH-TBKK2,5913,5913,True
Ta100_10_10,5,181405246,Elite-only,KK2-style-NEH,5929,5929,True
Ta100_10_10,5,181405246,Elite-only,FRB4-p1,5903,5903,True
Ta100_10_10,5,181405246,Elite-only,INEH-inspired,5903,5903,True
Ta100_10_10,5,181405246,Contrast,NEH,5919,5919,True
Ta100_10_10,5,181405246,Contrast,NEH-TBKK2,5932,5932,True
Ta100_10_10,5,181405246,Contrast,KK2-style-NEH,5903,5903,True
Ta100_10_10,5,181405246,Contrast,FRB4-p1,5903,5903,True
Ta100_10_10,5,181405246,Contrast,INEH-inspired,5915,5915,True
Ta100_20_1,1,190501210,Elite-only,NEH,6573,6573,True
Ta100_20_1,1,190501210,Elite-only,NEH-TBKK2,6546,6546,True
Ta100_20_1,1,190501210,Elite-only,KK2-style-NEH,6677,6677,True
Ta100_20_1,1,190501210,Elite-only,FRB4-p1,6463,6463,True
Ta100_20_1,1,190501210,Elite-only,INEH-inspired,6444,6444,True
Ta100_20_1,1,190501210,Contrast,NEH,6573,6573,True
Ta100_20_1,1,190501210,Contrast,NEH-TBKK2,6546,6546,True
Ta100_20_1,1,190501210,Contrast,KK2-style-NEH,6657,6657,True
Ta100_20_1,1,190501210,Contrast,FRB4-p1,6503,6503,True
Ta100_20_1,1,190501210,Contrast,INEH-inspired,6572,6572,True
Ta100_20_1,2,190502219,Elite-only,NEH,6573,6573,True
Ta100_20_1,2,190502219,Elite-only,NEH-TBKK2,6546,6546,True
Ta100_20_1,2,190502219,Elite-only,KK2-style-NEH,6661,6661,True
Ta100_20_1,2,190502219,Elite-only,FRB4-p1,6473,6473,True
Ta100_20_1,2,190502219,Elite-only,INEH-inspired,6574,6574,True
Ta100_20_1,2,190502219,Contrast,NEH,6573,6573,True
Ta100_20_1,2,190502219,Contrast,NEH-TBKK2,6546,6546,True
Ta100_20_1,2,190502219,Contrast,KK2-style-NEH,6663,6663,True
Ta100_20_1,2,190502219,Contrast,FRB4-p1,6522,6522,True
Ta100_20_1,2,190502219,Contrast,INEH-inspired,6494,6494,True
Ta100_20_1,3,190503228,Elite-only,NEH,6573,6573,True
Ta100_20_1,3,190503228,Elite-only,NEH-TBKK2,6527,6527,True
Ta100_20_1,3,190503228,Elite-only,KK2-style-NEH,6661,6661,True
Ta100_20_1,3,190503228,Elite-only,FRB4-p1,6486,6486,True
Ta100_20_1,3,190503228,Elite-only,INEH-inspired,6537,6537,True
Ta100_20_1,3,190503228,Contrast,NEH,6573,6573,True
Ta100_20_1,3,190503228,Contrast,NEH-TBKK2,6527,6527,True
Ta100_20_1,3,190503228,Contrast,KK2-style-NEH,6657,6657,True
Ta100_20_1,3,190503228,Contrast,FRB4-p1,6530,6530,True
Ta100_20_1,3,190503228,Contrast,INEH-inspired,6496,6496,True
Ta100_20_1,4,190504237,Elite-only,NEH,6573,6573,True
Ta100_20_1,4,190504237,Elite-only,NEH-TBKK2,6546,6546,True
Ta100_20_1,4,190504237,Elite-only,KK2-style-NEH,6661,6661,True
Ta100_20_1,4,190504237,Elite-only,FRB4-p1,6476,6476,True
Ta100_20_1,4,190504237,Elite-only,INEH-inspired,6605,6605,True
Ta100_20_1,4,190504237,Contrast,NEH,6573,6573,True
Ta100_20_1,4,190504237,Contrast,NEH-TBKK2,6546,6546,True
Ta100_20_1,4,190504237,Contrast,KK2-style-NEH,6663,6663,True
Ta100_20_1,4,190504237,Contrast,FRB4-p1,6477,6477,True
Ta100_20_1,4,190504237,Contrast,INEH-inspired,6463,6463,True
Ta100_20_1,5,190505246,Elite-only,NEH,6573,6573,True
Ta100_20_1,5,190505246,Elite-only,NEH-TBKK2,6527,6527,True
Ta100_20_1,5,190505246,Elite-only,KK2-style-NEH,6657,6657,True
Ta100_20_1,5,190505246,Elite-only,FRB4-p1,6492,6492,True
Ta100_20_1,5,190505246,Elite-only,INEH-inspired,6538,6538,True
Ta100_20_1,5,190505246,Contrast,NEH,6573,6573,True
Ta100_20_1,5,190505246,Contrast,NEH-TBKK2,6530,6530,True
Ta100_20_1,5,190505246,Contrast,KK2-style-NEH,6657,6657,True
Ta100_20_1,5,190505246,Contrast,FRB4-p1,6503,6503,True
Ta100_20_1,5,190505246,Contrast,INEH-inspired,6541,6541,True
Ta100_20_10,1,191401210,Elite-only,NEH,6674,6674,True
Ta100_20_10,1,191401210,Elite-only,NEH-TBKK2,6681,6681,True
Ta100_20_10,1,191401210,Elite-only,KK2-style-NEH,6815,6815,True
Ta100_20_10,1,191401210,Elite-only,FRB4-p1,6660,6660,True
Ta100_20_10,1,191401210,Elite-only,INEH-inspired,6641,6641,True
Ta100_20_10,1,191401210,Contrast,NEH,6691,6691,True
Ta100_20_10,1,191401210,Contrast,NEH-TBKK2,6681,6681,True
Ta100_20_10,1,191401210,Contrast,KK2-style-NEH,6815,6815,True
Ta100_20_10,1,191401210,Contrast,FRB4-p1,6658,6658,True
Ta100_20_10,1,191401210,Contrast,INEH-inspired,6679,6679,True
Ta100_20_10,2,191402219,Elite-only,NEH,6691,6691,True
Ta100_20_10,2,191402219,Elite-only,NEH-TBKK2,6681,6681,True
Ta100_20_10,2,191402219,Elite-only,KK2-style-NEH,6843,6843,True
Ta100_20_10,2,191402219,Elite-only,FRB4-p1,6636,6636,True
Ta100_20_10,2,191402219,Elite-only,INEH-inspired,6616,6616,True
Ta100_20_10,2,191402219,Contrast,NEH,6688,6688,True
Ta100_20_10,2,191402219,Contrast,NEH-TBKK2,6681,6681,True
Ta100_20_10,2,191402219,Contrast,KK2-style-NEH,6815,6815,True
Ta100_20_10,2,191402219,Contrast,FRB4-p1,6628,6628,True
Ta100_20_10,2,191402219,Contrast,INEH-inspired,6731,6731,True
Ta100_20_10,3,191403228,Elite-only,NEH,6688,6688,True
Ta100_20_10,3,191403228,Elite-only,NEH-TBKK2,6681,6681,True
Ta100_20_10,3,191403228,Elite-only,KK2-style-NEH,6815,6815,True
Ta100_20_10,3,191403228,Elite-only,FRB4-p1,6685,6685,True
Ta100_20_10,3,191403228,Elite-only,INEH-inspired,6750,6750,True
Ta100_20_10,3,191403228,Contrast,NEH,6688,6688,True
Ta100_20_10,3,191403228,Contrast,NEH-TBKK2,6686,6686,True
Ta100_20_10,3,191403228,Contrast,KK2-style-NEH,6815,6815,True
Ta100_20_10,3,191403228,Contrast,FRB4-p1,6643,6643,True
Ta100_20_10,3,191403228,Contrast,INEH-inspired,6698,6698,True
Ta100_20_10,4,191404237,Elite-only,NEH,6669,6669,True
Ta100_20_10,4,191404237,Elite-only,NEH-TBKK2,6681,6681,True
Ta100_20_10,4,191404237,Elite-only,KK2-style-NEH,6815,6815,True
Ta100_20_10,4,191404237,Elite-only,FRB4-p1,6653,6653,True
Ta100_20_10,4,191404237,Elite-only,INEH-inspired,6679,6679,True
Ta100_20_10,4,191404237,Contrast,NEH,6688,6688,True
Ta100_20_10,4,191404237,Contrast,NEH-TBKK2,6681,6681,True
Ta100_20_10,4,191404237,Contrast,KK2-style-NEH,6815,6815,True
Ta100_20_10,4,191404237,Contrast,FRB4-p1,6604,6604,True
Ta100_20_10,4,191404237,Contrast,INEH-inspired,6798,6798,True
Ta100_20_10,5,191405246,Elite-only,NEH,6691,6691,True
Ta100_20_10,5,191405246,Elite-only,NEH-TBKK2,6681,6681,True
Ta100_20_10,5,191405246,Elite-only,KK2-style-NEH,6815,6815,True
Ta100_20_10,5,191405246,Elite-only,FRB4-p1,6655,6655,True
Ta100_20_10,5,191405246,Elite-only,INEH-inspired,6673,6673,True
Ta100_20_10,5,191405246,Contrast,NEH,6692,6692,True
Ta100_20_10,5,191405246,Contrast,NEH-TBKK2,6681,6681,True
Ta100_20_10,5,191405246,Contrast,KK2-style-NEH,6815,6815,True
Ta100_20_10,5,191405246,Contrast,FRB4-p1,6615,6615,True
Ta100_20_10,5,191405246,Contrast,INEH-inspired,6692,6692,True
VFR100_20_1,1,1120201210,Elite-only,NEH,6588,6588,True
VFR100_20_1,1,1120201210,Elite-only,NEH-TBKK2,6533,6533,True
VFR100_20_1,1,1120201210,Elite-only,KK2-style-NEH,6706,6706,True
VFR100_20_1,1,1120201210,Elite-only,FRB4-p1,6468,6468,True
VFR100_20_1,1,1120201210,Elite-only,INEH-inspired,6529,6529,True
VFR100_20_1,1,1120201210,Contrast,NEH,6588,6588,True
VFR100_20_1,1,1120201210,Contrast,NEH-TBKK2,6533,6533,True
VFR100_20_1,1,1120201210,Contrast,KK2-style-NEH,6706,6706,True
VFR100_20_1,1,1120201210,Contrast,FRB4-p1,6524,6524,True
VFR100_20_1,1,1120201210,Contrast,INEH-inspired,6513,6513,True
VFR100_20_1,2,1120202219,Elite-only,NEH,6588,6588,True
VFR100_20_1,2,1120202219,Elite-only,NEH-TBKK2,6533,6533,True
VFR100_20_1,2,1120202219,Elite-only,KK2-style-NEH,6706,6706,True
VFR100_20_1,2,1120202219,Elite-only,FRB4-p1,6502,6502,True
VFR100_20_1,2,1120202219,Elite-only,INEH-inspired,6524,6524,True
VFR100_20_1,2,1120202219,Contrast,NEH,6615,6615,True
VFR100_20_1,2,1120202219,Contrast,NEH-TBKK2,6533,6533,True
VFR100_20_1,2,1120202219,Contrast,KK2-style-NEH,6706,6706,True
VFR100_20_1,2,1120202219,Contrast,FRB4-p1,6447,6447,True
VFR100_20_1,2,1120202219,Contrast,INEH-inspired,6482,6482,True
VFR100_20_1,3,1120203228,Elite-only,NEH,6588,6588,True
VFR100_20_1,3,1120203228,Elite-only,NEH-TBKK2,6533,6533,True
VFR100_20_1,3,1120203228,Elite-only,KK2-style-NEH,6706,6706,True
VFR100_20_1,3,1120203228,Elite-only,FRB4-p1,6468,6468,True
VFR100_20_1,3,1120203228,Elite-only,INEH-inspired,6542,6542,True
VFR100_20_1,3,1120203228,Contrast,NEH,6588,6588,True
VFR100_20_1,3,1120203228,Contrast,NEH-TBKK2,6552,6552,True
VFR100_20_1,3,1120203228,Contrast,KK2-style-NEH,6706,6706,True
VFR100_20_1,3,1120203228,Contrast,FRB4-p1,6421,6421,True
VFR100_20_1,3,1120203228,Contrast,INEH-inspired,6538,6538,True
VFR100_20_1,4,1120204237,Elite-only,NEH,6615,6615,True
VFR100_20_1,4,1120204237,Elite-only,NEH-TBKK2,6533,6533,True
VFR100_20_1,4,1120204237,Elite-only,KK2-style-NEH,6706,6706,True
VFR100_20_1,4,1120204237,Elite-only,FRB4-p1,6515,6515,True
VFR100_20_1,4,1120204237,Elite-only,INEH-inspired,6549,6549,True
VFR100_20_1,4,1120204237,Contrast,NEH,6588,6588,True
VFR100_20_1,4,1120204237,Contrast,NEH-TBKK2,6533,6533,True
VFR100_20_1,4,1120204237,Contrast,KK2-style-NEH,6706,6706,True
VFR100_20_1,4,1120204237,Contrast,FRB4-p1,6502,6502,True
VFR100_20_1,4,1120204237,Contrast,INEH-inspired,6576,6576,True
VFR100_20_1,5,1120205246,Elite-only,NEH,6588,6588,True
VFR100_20_1,5,1120205246,Elite-only,NEH-TBKK2,6533,6533,True
VFR100_20_1,5,1120205246,Elite-only,KK2-style-NEH,6706,6706,True
VFR100_20_1,5,1120205246,Elite-only,FRB4-p1,6495,6495,True
VFR100_20_1,5,1120205246,Elite-only,INEH-inspired,6538,6538,True
VFR100_20_1,5,1120205246,Contrast,NEH,6588,6588,True
VFR100_20_1,5,1120205246,Contrast,NEH-TBKK2,6533,6533,True
VFR100_20_1,5,1120205246,Contrast,KK2-style-NEH,6706,6706,True
VFR100_20_1,5,1120205246,Contrast,FRB4-p1,6474,6474,True
VFR100_20_1,5,1120205246,Contrast,INEH-inspired,6510,6510,True
VFR100_20_10,1,1121101210,Elite-only,NEH,6496,6496,True
VFR100_20_10,1,1121101210,Elite-only,NEH-TBKK2,6524,6524,True
VFR100_20_10,1,1121101210,Elite-only,KK2-style-NEH,6604,6604,True
VFR100_20_10,1,1121101210,Elite-only,FRB4-p1,6425,6425,True
VFR100_20_10,1,1121101210,Elite-only,INEH-inspired,6482,6482,True
VFR100_20_10,1,1121101210,Contrast,NEH,6532,6532,True
VFR100_20_10,1,1121101210,Contrast,NEH-TBKK2,6518,6518,True
VFR100_20_10,1,1121101210,Contrast,KK2-style-NEH,6517,6517,True
VFR100_20_10,1,1121101210,Contrast,FRB4-p1,6512,6512,True
VFR100_20_10,1,1121101210,Contrast,INEH-inspired,6428,6428,True
VFR100_20_10,2,1121102219,Elite-only,NEH,6530,6530,True
VFR100_20_10,2,1121102219,Elite-only,NEH-TBKK2,6524,6524,True
VFR100_20_10,2,1121102219,Elite-only,KK2-style-NEH,6517,6517,True
VFR100_20_10,2,1121102219,Elite-only,FRB4-p1,6436,6436,True
VFR100_20_10,2,1121102219,Elite-only,INEH-inspired,6429,6429,True
VFR100_20_10,2,1121102219,Contrast,NEH,6532,6532,True
VFR100_20_10,2,1121102219,Contrast,NEH-TBKK2,6526,6526,True
VFR100_20_10,2,1121102219,Contrast,KK2-style-NEH,6517,6517,True
VFR100_20_10,2,1121102219,Contrast,FRB4-p1,6490,6490,True
VFR100_20_10,2,1121102219,Contrast,INEH-inspired,6405,6405,True
VFR100_20_10,3,1121103228,Elite-only,NEH,6578,6578,True
VFR100_20_10,3,1121103228,Elite-only,NEH-TBKK2,6524,6524,True
VFR100_20_10,3,1121103228,Elite-only,KK2-style-NEH,6517,6517,True
VFR100_20_10,3,1121103228,Elite-only,FRB4-p1,6485,6485,True
VFR100_20_10,3,1121103228,Elite-only,INEH-inspired,6511,6511,True
VFR100_20_10,3,1121103228,Contrast,NEH,6532,6532,True
VFR100_20_10,3,1121103228,Contrast,NEH-TBKK2,6518,6518,True
VFR100_20_10,3,1121103228,Contrast,KK2-style-NEH,6517,6517,True
VFR100_20_10,3,1121103228,Contrast,FRB4-p1,6385,6385,True
VFR100_20_10,3,1121103228,Contrast,INEH-inspired,6408,6408,True
VFR100_20_10,4,1121104237,Elite-only,NEH,6594,6594,True
VFR100_20_10,4,1121104237,Elite-only,NEH-TBKK2,6524,6524,True
VFR100_20_10,4,1121104237,Elite-only,KK2-style-NEH,6517,6517,True
VFR100_20_10,4,1121104237,Elite-only,FRB4-p1,6426,6426,True
VFR100_20_10,4,1121104237,Elite-only,INEH-inspired,6435,6435,True
VFR100_20_10,4,1121104237,Contrast,NEH,6532,6532,True
VFR100_20_10,4,1121104237,Contrast,NEH-TBKK2,6508,6508,True
VFR100_20_10,4,1121104237,Contrast,KK2-style-NEH,6517,6517,True
VFR100_20_10,4,1121104237,Contrast,FRB4-p1,6438,6438,True
VFR100_20_10,4,1121104237,Contrast,INEH-inspired,6465,6465,True
VFR100_20_10,5,1121105246,Elite-only,NEH,6536,6536,True
VFR100_20_10,5,1121105246,Elite-only,NEH-TBKK2,6524,6524,True
VFR100_20_10,5,1121105246,Elite-only,KK2-style-NEH,6517,6517,True
VFR100_20_10,5,1121105246,Elite-only,FRB4-p1,6467,6467,True
VFR100_20_10,5,1121105246,Elite-only,INEH-inspired,6499,6499,True
VFR100_20_10,5,1121105246,Contrast,NEH,6532,6532,True
VFR100_20_10,5,1121105246,Contrast,NEH-TBKK2,6518,6518,True
VFR100_20_10,5,1121105246,Contrast,KK2-style-NEH,6517,6517,True
VFR100_20_10,5,1121105246,Contrast,FRB4-p1,6418,6418,True
VFR100_20_10,5,1121105246,Contrast,INEH-inspired,6415,6415,True
VFR100_40_1,1,1140401210,Elite-only,NEH,8299,8299,True
VFR100_40_1,1,1140401210,Elite-only,NEH-TBKK2,8238,8238,True
VFR100_40_1,1,1140401210,Elite-only,KK2-style-NEH,8321,8321,True
VFR100_40_1,1,1140401210,Elite-only,FRB4-p1,8238,8238,True
VFR100_40_1,1,1140401210,Elite-only,INEH-inspired,8207,8207,True
VFR100_40_1,1,1140401210,Contrast,NEH,8299,8299,True
VFR100_40_1,1,1140401210,Contrast,NEH-TBKK2,8238,8238,True
VFR100_40_1,1,1140401210,Contrast,KK2-style-NEH,8321,8321,True
VFR100_40_1,1,1140401210,Contrast,FRB4-p1,8239,8239,True
VFR100_40_1,1,1140401210,Contrast,INEH-inspired,8302,8302,True
VFR100_40_1,2,1140402219,Elite-only,NEH,8299,8299,True
VFR100_40_1,2,1140402219,Elite-only,NEH-TBKK2,8238,8238,True
VFR100_40_1,2,1140402219,Elite-only,KK2-style-NEH,8321,8321,True
VFR100_40_1,2,1140402219,Elite-only,FRB4-p1,8178,8178,True
VFR100_40_1,2,1140402219,Elite-only,INEH-inspired,8240,8240,True
VFR100_40_1,2,1140402219,Contrast,NEH,8299,8299,True
VFR100_40_1,2,1140402219,Contrast,NEH-TBKK2,8238,8238,True
VFR100_40_1,2,1140402219,Contrast,KK2-style-NEH,8321,8321,True
VFR100_40_1,2,1140402219,Contrast,FRB4-p1,8242,8242,True
VFR100_40_1,2,1140402219,Contrast,INEH-inspired,8197,8197,True
VFR100_40_1,3,1140403228,Elite-only,NEH,8299,8299,True
VFR100_40_1,3,1140403228,Elite-only,NEH-TBKK2,8238,8238,True
VFR100_40_1,3,1140403228,Elite-only,KK2-style-NEH,8321,8321,True
VFR100_40_1,3,1140403228,Elite-only,FRB4-p1,8235,8235,True
VFR100_40_1,3,1140403228,Elite-only,INEH-inspired,8231,8231,True
VFR100_40_1,3,1140403228,Contrast,NEH,8299,8299,True
VFR100_40_1,3,1140403228,Contrast,NEH-TBKK2,8238,8238,True
VFR100_40_1,3,1140403228,Contrast,KK2-style-NEH,8321,8321,True
VFR100_40_1,3,1140403228,Contrast,FRB4-p1,8136,8136,True
VFR100_40_1,3,1140403228,Contrast,INEH-inspired,8284,8284,True
VFR100_40_1,4,1140404237,Elite-only,NEH,8299,8299,True
VFR100_40_1,4,1140404237,Elite-only,NEH-TBKK2,8258,8258,True
VFR100_40_1,4,1140404237,Elite-only,KK2-style-NEH,8321,8321,True
VFR100_40_1,4,1140404237,Elite-only,FRB4-p1,8214,8214,True
VFR100_40_1,4,1140404237,Elite-only,INEH-inspired,8213,8213,True
VFR100_40_1,4,1140404237,Contrast,NEH,8263,8263,True
VFR100_40_1,4,1140404237,Contrast,NEH-TBKK2,8251,8251,True
VFR100_40_1,4,1140404237,Contrast,KK2-style-NEH,8321,8321,True
VFR100_40_1,4,1140404237,Contrast,FRB4-p1,8258,8258,True
VFR100_40_1,4,1140404237,Contrast,INEH-inspired,8272,8272,True
VFR100_40_1,5,1140405246,Elite-only,NEH,8299,8299,True
VFR100_40_1,5,1140405246,Elite-only,NEH-TBKK2,8251,8251,True
VFR100_40_1,5,1140405246,Elite-only,KK2-style-NEH,8321,8321,True
VFR100_40_1,5,1140405246,Elite-only,FRB4-p1,8216,8216,True
VFR100_40_1,5,1140405246,Elite-only,INEH-inspired,8204,8204,True
VFR100_40_1,5,1140405246,Contrast,NEH,8299,8299,True
VFR100_40_1,5,1140405246,Contrast,NEH-TBKK2,8251,8251,True
VFR100_40_1,5,1140405246,Contrast,KK2-style-NEH,8321,8321,True
VFR100_40_1,5,1140405246,Contrast,FRB4-p1,8261,8261,True
VFR100_40_1,5,1140405246,Contrast,INEH-inspired,8190,8190,True
VFR100_40_10,1,1141301210,Elite-only,NEH,8413,8413,True
VFR100_40_10,1,1141301210,Elite-only,NEH-TBKK2,8417,8417,True
VFR100_40_10,1,1141301210,Elite-only,KK2-style-NEH,8509,8509,True
VFR100_40_10,1,1141301210,Elite-only,FRB4-p1,8294,8294,True
VFR100_40_10,1,1141301210,Elite-only,INEH-inspired,8328,8328,True
VFR100_40_10,1,1141301210,Contrast,NEH,8413,8413,True
VFR100_40_10,1,1141301210,Contrast,NEH-TBKK2,8417,8417,True
VFR100_40_10,1,1141301210,Contrast,KK2-style-NEH,8565,8565,True
VFR100_40_10,1,1141301210,Contrast,FRB4-p1,8300,8300,True
VFR100_40_10,1,1141301210,Contrast,INEH-inspired,8311,8311,True
VFR100_40_10,2,1141302219,Elite-only,NEH,8394,8394,True
VFR100_40_10,2,1141302219,Elite-only,NEH-TBKK2,8417,8417,True
VFR100_40_10,2,1141302219,Elite-only,KK2-style-NEH,8533,8533,True
VFR100_40_10,2,1141302219,Elite-only,FRB4-p1,8321,8321,True
VFR100_40_10,2,1141302219,Elite-only,INEH-inspired,8236,8236,True
VFR100_40_10,2,1141302219,Contrast,NEH,8413,8413,True
VFR100_40_10,2,1141302219,Contrast,NEH-TBKK2,8407,8407,True
VFR100_40_10,2,1141302219,Contrast,KK2-style-NEH,8533,8533,True
VFR100_40_10,2,1141302219,Contrast,FRB4-p1,8267,8267,True
VFR100_40_10,2,1141302219,Contrast,INEH-inspired,8307,8307,True
VFR100_40_10,3,1141303228,Elite-only,NEH,8413,8413,True
VFR100_40_10,3,1141303228,Elite-only,NEH-TBKK2,8417,8417,True
VFR100_40_10,3,1141303228,Elite-only,KK2-style-NEH,8509,8509,True
VFR100_40_10,3,1141303228,Elite-only,FRB4-p1,8293,8293,True
VFR100_40_10,3,1141303228,Elite-only,INEH-inspired,8353,8353,True
VFR100_40_10,3,1141303228,Contrast,NEH,8413,8413,True
VFR100_40_10,3,1141303228,Contrast,NEH-TBKK2,8407,8407,True
VFR100_40_10,3,1141303228,Contrast,KK2-style-NEH,8565,8565,True
VFR100_40_10,3,1141303228,Contrast,FRB4-p1,8283,8283,True
VFR100_40_10,3,1141303228,Contrast,INEH-inspired,8326,8326,True
VFR100_40_10,4,1141304237,Elite-only,NEH,8413,8413,True
VFR100_40_10,4,1141304237,Elite-only,NEH-TBKK2,8407,8407,True
VFR100_40_10,4,1141304237,Elite-only,KK2-style-NEH,8462,8462,True
VFR100_40_10,4,1141304237,Elite-only,FRB4-p1,8284,8284,True
VFR100_40_10,4,1141304237,Elite-only,INEH-inspired,8372,8372,True
VFR100_40_10,4,1141304237,Contrast,NEH,8411,8411,True
VFR100_40_10,4,1141304237,Contrast,NEH-TBKK2,8407,8407,True
VFR100_40_10,4,1141304237,Contrast,KK2-style-NEH,8565,8565,True
VFR100_40_10,4,1141304237,Contrast,FRB4-p1,8238,8238,True
VFR100_40_10,4,1141304237,Contrast,INEH-inspired,8373,8373,True
VFR100_40_10,5,1141305246,Elite-only,NEH,8416,8416,True
VFR100_40_10,5,1141305246,Elite-only,NEH-TBKK2,8417,8417,True
VFR100_40_10,5,1141305246,Elite-only,KK2-style-NEH,8521,8521,True
VFR100_40_10,5,1141305246,Elite-only,FRB4-p1,8300,8300,True
VFR100_40_10,5,1141305246,Elite-only,INEH-inspired,8288,8288,True
VFR100_40_10,5,1141305246,Contrast,NEH,8413,8413,True
VFR100_40_10,5,1141305246,Contrast,NEH-TBKK2,8417,8417,True
VFR100_40_10,5,1141305246,Contrast,KK2-style-NEH,8521,8521,True
VFR100_40_10,5,1141305246,Contrast,FRB4-p1,8255,8255,True
VFR100_40_10,5,1141305246,Contrast,INEH-inspired,8358,8358,True
VFR100_60_1,1,1140601210,Elite-only,NEH,9869,9869,True
VFR100_60_1,1,1140601210,Elite-only,NEH-TBKK2,9870,9870,True
VFR100_60_1,1,1140601210,Elite-only,KK2-style-NEH,9967,9967,True
VFR100_60_1,1,1140601210,Elite-only,FRB4-p1,9668,9668,True
VFR100_60_1,1,1140601210,Elite-only,INEH-inspired,9831,9831,True
VFR100_60_1,1,1140601210,Contrast,NEH,9893,9893,True
VFR100_60_1,1,1140601210,Contrast,NEH-TBKK2,9870,9870,True
VFR100_60_1,1,1140601210,Contrast,KK2-style-NEH,10001,10001,True
VFR100_60_1,1,1140601210,Contrast,FRB4-p1,9719,9719,True
VFR100_60_1,1,1140601210,Contrast,INEH-inspired,9778,9778,True
VFR100_60_1,2,1140602219,Elite-only,NEH,9893,9893,True
VFR100_60_1,2,1140602219,Elite-only,NEH-TBKK2,9870,9870,True
VFR100_60_1,2,1140602219,Elite-only,KK2-style-NEH,10001,10001,True
VFR100_60_1,2,1140602219,Elite-only,FRB4-p1,9680,9680,True
VFR100_60_1,2,1140602219,Elite-only,INEH-inspired,9821,9821,True
VFR100_60_1,2,1140602219,Contrast,NEH,9893,9893,True
VFR100_60_1,2,1140602219,Contrast,NEH-TBKK2,9870,9870,True
VFR100_60_1,2,1140602219,Contrast,KK2-style-NEH,10001,10001,True
VFR100_60_1,2,1140602219,Contrast,FRB4-p1,9755,9755,True
VFR100_60_1,2,1140602219,Contrast,INEH-inspired,9748,9748,True
VFR100_60_1,3,1140603228,Elite-only,NEH,9869,9869,True
VFR100_60_1,3,1140603228,Elite-only,NEH-TBKK2,9870,9870,True
VFR100_60_1,3,1140603228,Elite-only,KK2-style-NEH,10001,10001,True
VFR100_60_1,3,1140603228,Elite-only,FRB4-p1,9726,9726,True
VFR100_60_1,3,1140603228,Elite-only,INEH-inspired,9799,9799,True
VFR100_60_1,3,1140603228,Contrast,NEH,9869,9869,True
VFR100_60_1,3,1140603228,Contrast,NEH-TBKK2,9870,9870,True
VFR100_60_1,3,1140603228,Contrast,KK2-style-NEH,10001,10001,True
VFR100_60_1,3,1140603228,Contrast,FRB4-p1,9774,9774,True
VFR100_60_1,3,1140603228,Contrast,INEH-inspired,9791,9791,True
VFR100_60_1,4,1140604237,Elite-only,NEH,9869,9869,True
VFR100_60_1,4,1140604237,Elite-only,NEH-TBKK2,9870,9870,True
VFR100_60_1,4,1140604237,Elite-only,KK2-style-NEH,9967,9967,True
VFR100_60_1,4,1140604237,Elite-only,FRB4-p1,9760,9760,True
VFR100_60_1,4,1140604237,Elite-only,INEH-inspired,9736,9736,True
VFR100_60_1,4,1140604237,Contrast,NEH,9869,9869,True
VFR100_60_1,4,1140604237,Contrast,NEH-TBKK2,9870,9870,True
VFR100_60_1,4,1140604237,Contrast,KK2-style-NEH,10001,10001,True
VFR100_60_1,4,1140604237,Contrast,FRB4-p1,9735,9735,True
VFR100_60_1,4,1140604237,Contrast,INEH-inspired,9782,9782,True
VFR100_60_1,5,1140605246,Elite-only,NEH,9869,9869,True
VFR100_60_1,5,1140605246,Elite-only,NEH-TBKK2,9870,9870,True
VFR100_60_1,5,1140605246,Elite-only,KK2-style-NEH,10001,10001,True
VFR100_60_1,5,1140605246,Elite-only,FRB4-p1,9738,9738,True
VFR100_60_1,5,1140605246,Elite-only,INEH-inspired,9820,9820,True
VFR100_60_1,5,1140605246,Contrast,NEH,9869,9869,True
VFR100_60_1,5,1140605246,Contrast,NEH-TBKK2,9870,9870,True
VFR100_60_1,5,1140605246,Contrast,KK2-style-NEH,10001,10001,True
VFR100_60_1,5,1140605246,Contrast,FRB4-p1,9690,9690,True
VFR100_60_1,5,1140605246,Contrast,INEH-inspired,9814,9814,True
VFR100_60_10,1,1141501210,Elite-only,NEH,10046,10046,True
VFR100_60_10,1,1141501210,Elite-only,NEH-TBKK2,10025,10025,True
VFR100_60_10,1,1141501210,Elite-only,KK2-style-NEH,10208,10208,True
VFR100_60_10,1,1141501210,Elite-only,FRB4-p1,9894,9894,True
VFR100_60_10,1,1141501210,Elite-only,INEH-inspired,9968,9968,True
VFR100_60_10,1,1141501210,Contrast,NEH,10081,10081,True
VFR100_60_10,1,1141501210,Contrast,NEH-TBKK2,10025,10025,True
VFR100_60_10,1,1141501210,Contrast,KK2-style-NEH,10208,10208,True
VFR100_60_10,1,1141501210,Contrast,FRB4-p1,9911,9911,True
VFR100_60_10,1,1141501210,Contrast,INEH-inspired,9997,9997,True
VFR100_60_10,2,1141502219,Elite-only,NEH,10081,10081,True
VFR100_60_10,2,1141502219,Elite-only,NEH-TBKK2,10025,10025,True
VFR100_60_10,2,1141502219,Elite-only,KK2-style-NEH,10208,10208,True
VFR100_60_10,2,1141502219,Elite-only,FRB4-p1,9923,9923,True
VFR100_60_10,2,1141502219,Elite-only,INEH-inspired,10009,10009,True
VFR100_60_10,2,1141502219,Contrast,NEH,10081,10081,True
VFR100_60_10,2,1141502219,Contrast,NEH-TBKK2,10025,10025,True
VFR100_60_10,2,1141502219,Contrast,KK2-style-NEH,10208,10208,True
VFR100_60_10,2,1141502219,Contrast,FRB4-p1,9928,9928,True
VFR100_60_10,2,1141502219,Contrast,INEH-inspired,9940,9940,True
VFR100_60_10,3,1141503228,Elite-only,NEH,10046,10046,True
VFR100_60_10,3,1141503228,Elite-only,NEH-TBKK2,10025,10025,True
VFR100_60_10,3,1141503228,Elite-only,KK2-style-NEH,10208,10208,True
VFR100_60_10,3,1141503228,Elite-only,FRB4-p1,9952,9952,True
VFR100_60_10,3,1141503228,Elite-only,INEH-inspired,10042,10042,True
VFR100_60_10,3,1141503228,Contrast,NEH,10081,10081,True
VFR100_60_10,3,1141503228,Contrast,NEH-TBKK2,10025,10025,True
VFR100_60_10,3,1141503228,Contrast,KK2-style-NEH,10208,10208,True
VFR100_60_10,3,1141503228,Contrast,FRB4-p1,9915,9915,True
VFR100_60_10,3,1141503228,Contrast,INEH-inspired,9893,9893,True
VFR100_60_10,4,1141504237,Elite-only,NEH,10046,10046,True
VFR100_60_10,4,1141504237,Elite-only,NEH-TBKK2,10025,10025,True
VFR100_60_10,4,1141504237,Elite-only,KK2-style-NEH,10208,10208,True
VFR100_60_10,4,1141504237,Elite-only,FRB4-p1,9945,9945,True
VFR100_60_10,4,1141504237,Elite-only,INEH-inspired,10094,10094,True
VFR100_60_10,4,1141504237,Contrast,NEH,10046,10046,True
VFR100_60_10,4,1141504237,Contrast,NEH-TBKK2,10025,10025,True
VFR100_60_10,4,1141504237,Contrast,KK2-style-NEH,10208,10208,True
VFR100_60_10,4,1141504237,Contrast,FRB4-p1,9920,9920,True
VFR100_60_10,4,1141504237,Contrast,INEH-inspired,10005,10005,True
VFR100_60_10,5,1141505246,Elite-only,NEH,10046,10046,True
VFR100_60_10,5,1141505246,Elite-only,NEH-TBKK2,10025,10025,True
VFR100_60_10,5,1141505246,Elite-only,KK2-style-NEH,10208,10208,True
VFR100_60_10,5,1141505246,Elite-only,FRB4-p1,9961,9961,True
VFR100_60_10,5,1141505246,Elite-only,INEH-inspired,9877,9877,True
VFR100_60_10,5,1141505246,Contrast,NEH,10081,10081,True
VFR100_60_10,5,1141505246,Contrast,NEH-TBKK2,10025,10025,True
VFR100_60_10,5,1141505246,Contrast,KK2-style-NEH,10208,10208,True
VFR100_60_10,5,1141505246,Contrast,FRB4-p1,9974,9974,True
VFR100_60_10,5,1141505246,Contrast,INEH-inspired,10029,10029,True
Ta200_10_1,1,2010001210,Elite-only,NEH,10919,10919,True
Ta200_10_1,1,2010001210,Elite-only,NEH-TBKK2,10957,10957,True
Ta200_10_1,1,2010001210,Elite-only,KK2-style-NEH,11040,11040,True
Ta200_10_1,1,2010001210,Elite-only,FRB4-p1,10941,10941,True
Ta200_10_1,1,2010001210,Elite-only,INEH-inspired,10921,10921,True
Ta200_10_1,1,2010001210,Contrast,NEH,10959,10959,True
Ta200_10_1,1,2010001210,Contrast,NEH-TBKK2,10969,10969,True
Ta200_10_1,1,2010001210,Contrast,KK2-style-NEH,11079,11079,True
Ta200_10_1,1,2010001210,Contrast,FRB4-p1,10921,10921,True
Ta200_10_1,1,2010001210,Contrast,INEH-inspired,10942,10942,True
Ta200_10_1,2,2010002219,Elite-only,NEH,10942,10942,True
Ta200_10_1,2,2010002219,Elite-only,NEH-TBKK2,10986,10986,True
Ta200_10_1,2,2010002219,Elite-only,KK2-style-NEH,10967,10967,True
Ta200_10_1,2,2010002219,Elite-only,FRB4-p1,10950,10950,True
Ta200_10_1,2,2010002219,Elite-only,INEH-inspired,10947,10947,True
Ta200_10_1,2,2010002219,Contrast,NEH,10949,10949,True
Ta200_10_1,2,2010002219,Contrast,NEH-TBKK2,10959,10959,True
Ta200_10_1,2,2010002219,Contrast,KK2-style-NEH,10992,10992,True
Ta200_10_1,2,2010002219,Contrast,FRB4-p1,10943,10943,True
Ta200_10_1,2,2010002219,Contrast,INEH-inspired,10921,10921,True
Ta200_10_1,3,2010003228,Elite-only,NEH,10942,10942,True
Ta200_10_1,3,2010003228,Elite-only,NEH-TBKK2,10992,10992,True
Ta200_10_1,3,2010003228,Elite-only,KK2-style-NEH,10983,10983,True
Ta200_10_1,3,2010003228,Elite-only,FRB4-p1,10986,10986,True
Ta200_10_1,3,2010003228,Elite-only,INEH-inspired,10967,10967,True
Ta200_10_1,3,2010003228,Contrast,NEH,10992,10992,True
Ta200_10_1,3,2010003228,Contrast,NEH-TBKK2,10968,10968,True
Ta200_10_1,3,2010003228,Contrast,KK2-style-NEH,10992,10992,True
Ta200_10_1,3,2010003228,Contrast,FRB4-p1,10941,10941,True
Ta200_10_1,3,2010003228,Contrast,INEH-inspired,10952,10952,True
Ta200_10_1,4,2010004237,Elite-only,NEH,10950,10950,True
Ta200_10_1,4,2010004237,Elite-only,NEH-TBKK2,10970,10970,True
Ta200_10_1,4,2010004237,Elite-only,KK2-style-NEH,11013,11013,True
Ta200_10_1,4,2010004237,Elite-only,FRB4-p1,10919,10919,True
Ta200_10_1,4,2010004237,Elite-only,INEH-inspired,10942,10942,True
Ta200_10_1,4,2010004237,Contrast,NEH,10957,10957,True
Ta200_10_1,4,2010004237,Contrast,NEH-TBKK2,10967,10967,True
Ta200_10_1,4,2010004237,Contrast,KK2-style-NEH,11026,11026,True
Ta200_10_1,4,2010004237,Contrast,FRB4-p1,10893,10893,True
Ta200_10_1,4,2010004237,Contrast,INEH-inspired,10952,10952,True
Ta200_10_1,5,2010005246,Elite-only,NEH,10942,10942,True
Ta200_10_1,5,2010005246,Elite-only,NEH-TBKK2,10942,10942,True
Ta200_10_1,5,2010005246,Elite-only,KK2-style-NEH,11020,11020,True
Ta200_10_1,5,2010005246,Elite-only,FRB4-p1,10919,10919,True
Ta200_10_1,5,2010005246,Elite-only,INEH-inspired,10942,10942,True
Ta200_10_1,5,2010005246,Contrast,NEH,10942,10942,True
Ta200_10_1,5,2010005246,Contrast,NEH-TBKK2,10959,10959,True
Ta200_10_1,5,2010005246,Contrast,KK2-style-NEH,11086,11086,True
Ta200_10_1,5,2010005246,Contrast,FRB4-p1,10893,10893,True
Ta200_10_1,5,2010005246,Contrast,INEH-inspired,10942,10942,True
Ta200_10_10,1,2010901210,Elite-only,NEH,10758,10758,True
Ta200_10_10,1,2010901210,Elite-only,NEH-TBKK2,10793,10793,True
Ta200_10_10,1,2010901210,Elite-only,KK2-style-NEH,10928,10928,True
Ta200_10_10,1,2010901210,Elite-only,FRB4-p1,10789,10789,True
Ta200_10_10,1,2010901210,Elite-only,INEH-inspired,10799,10799,True
Ta200_10_10,1,2010901210,Contrast,NEH,10758,10758,True
Ta200_10_10,1,2010901210,Contrast,NEH-TBKK2,10794,10794,True
Ta200_10_10,1,2010901210,Contrast,KK2-style-NEH,10878,10878,True
Ta200_10_10,1,2010901210,Contrast,FRB4-p1,10758,10758,True
Ta200_10_10,1,2010901210,Contrast,INEH-inspired,10837,10837,True
Ta200_10_10,2,2010902219,Elite-only,NEH,10774,10774,True
Ta200_10_10,2,2010902219,Elite-only,NEH-TBKK2,10802,10802,True
Ta200_10_10,2,2010902219,Elite-only,KK2-style-NEH,10905,10905,True
Ta200_10_10,2,2010902219,Elite-only,FRB4-p1,10737,10737,True
Ta200_10_10,2,2010902219,Elite-only,INEH-inspired,10785,10785,True
Ta200_10_10,2,2010902219,Contrast,NEH,10786,10786,True
Ta200_10_10,2,2010902219,Contrast,NEH-TBKK2,10791,10791,True
Ta200_10_10,2,2010902219,Contrast,KK2-style-NEH,10932,10932,True
Ta200_10_10,2,2010902219,Contrast,FRB4-p1,10758,10758,True
Ta200_10_10,2,2010902219,Contrast,INEH-inspired,10775,10775,True
Ta200_10_10,3,2010903228,Elite-only,NEH,10765,10765,True
Ta200_10_10,3,2010903228,Elite-only,NEH-TBKK2,10807,10807,True
Ta200_10_10,3,2010903228,Elite-only,KK2-style-NEH,10914,10914,True
Ta200_10_10,3,2010903228,Elite-only,FRB4-p1,10789,10789,True
Ta200_10_10,3,2010903228,Elite-only,INEH-inspired,10790,10790,True
Ta200_10_10,3,2010903228,Contrast,NEH,10790,10790,True
Ta200_10_10,3,2010903228,Contrast,NEH-TBKK2,10800,10800,True
Ta200_10_10,3,2010903228,Contrast,KK2-style-NEH,10825,10825,True
Ta200_10_10,3,2010903228,Contrast,FRB4-p1,10790,10790,True
Ta200_10_10,3,2010903228,Contrast,INEH-inspired,10790,10790,True
Ta200_10_10,4,2010904237,Elite-only,NEH,10781,10781,True
Ta200_10_10,4,2010904237,Elite-only,NEH-TBKK2,10758,10758,True
Ta200_10_10,4,2010904237,Elite-only,KK2-style-NEH,10879,10879,True
Ta200_10_10,4,2010904237,Elite-only,FRB4-p1,10752,10752,True
Ta200_10_10,4,2010904237,Elite-only,INEH-inspired,10820,10820,True
Ta200_10_10,4,2010904237,Contrast,NEH,10778,10778,True
Ta200_10_10,4,2010904237,Contrast,NEH-TBKK2,10802,10802,True
Ta200_10_10,4,2010904237,Contrast,KK2-style-NEH,10900,10900,True
Ta200_10_10,4,2010904237,Contrast,FRB4-p1,10813,10813,True
Ta200_10_10,4,2010904237,Contrast,INEH-inspired,10791,10791,True
Ta200_10_10,5,2010905246,Elite-only,NEH,10790,10790,True
Ta200_10_10,5,2010905246,Elite-only,NEH-TBKK2,10786,10786,True
Ta200_10_10,5,2010905246,Elite-only,KK2-style-NEH,10899,10899,True
Ta200_10_10,5,2010905246,Elite-only,FRB4-p1,10778,10778,True
Ta200_10_10,5,2010905246,Elite-only,INEH-inspired,10758,10758,True
Ta200_10_10,5,2010905246,Contrast,NEH,10760,10760,True
Ta200_10_10,5,2010905246,Contrast,NEH-TBKK2,10791,10791,True
Ta200_10_10,5,2010905246,Contrast,KK2-style-NEH,10839,10839,True
Ta200_10_10,5,2010905246,Contrast,FRB4-p1,10789,10789,True
Ta200_10_10,5,2010905246,Contrast,INEH-inspired,10812,10812,True
Ta200_20_1,1,2020001210,Elite-only,NEH,11636,11636,True
Ta200_20_1,1,2020001210,Elite-only,NEH-TBKK2,11644,11644,True
Ta200_20_1,1,2020001210,Elite-only,KK2-style-NEH,11796,11796,True
Ta200_20_1,1,2020001210,Elite-only,FRB4-p1,11548,11548,True
Ta200_20_1,1,2020001210,Elite-only,INEH-inspired,11577,11577,True
Ta200_20_1,1,2020001210,Contrast,NEH,11590,11590,True
Ta200_20_1,1,2020001210,Contrast,NEH-TBKK2,11631,11631,True
Ta200_20_1,1,2020001210,Contrast,KK2-style-NEH,11821,11821,True
Ta200_20_1,1,2020001210,Contrast,FRB4-p1,11524,11524,True
Ta200_20_1,1,2020001210,Contrast,INEH-inspired,11622,11622,True
Ta200_20_1,2,2020002219,Elite-only,NEH,11509,11509,True
Ta200_20_1,2,2020002219,Elite-only,NEH-TBKK2,11598,11598,True
Ta200_20_1,2,2020002219,Elite-only,KK2-style-NEH,11784,11784,True
Ta200_20_1,2,2020002219,Elite-only,FRB4-p1,11539,11539,True
Ta200_20_1,2,2020002219,Elite-only,INEH-inspired,11569,11569,True
Ta200_20_1,2,2020002219,Contrast,NEH,11671,11671,True
Ta200_20_1,2,2020002219,Contrast,NEH-TBKK2,11537,11537,True
Ta200_20_1,2,2020002219,Contrast,KK2-style-NEH,11849,11849,True
Ta200_20_1,2,2020002219,Contrast,FRB4-p1,11540,11540,True
Ta200_20_1,2,2020002219,Contrast,INEH-inspired,11668,11668,True
Ta200_20_1,3,2020003228,Elite-only,NEH,11576,11576,True
Ta200_20_1,3,2020003228,Elite-only,NEH-TBKK2,11574,11574,True
Ta200_20_1,3,2020003228,Elite-only,KK2-style-NEH,11827,11827,True
Ta200_20_1,3,2020003228,Elite-only,FRB4-p1,11485,11485,True
Ta200_20_1,3,2020003228,Elite-only,INEH-inspired,11660,11660,True
Ta200_20_1,3,2020003228,Contrast,NEH,11548,11548,True
Ta200_20_1,3,2020003228,Contrast,NEH-TBKK2,11594,11594,True
Ta200_20_1,3,2020003228,Contrast,KK2-style-NEH,11813,11813,True
Ta200_20_1,3,2020003228,Contrast,FRB4-p1,11581,11581,True
Ta200_20_1,3,2020003228,Contrast,INEH-inspired,11579,11579,True
Ta200_20_1,4,2020004237,Elite-only,NEH,11580,11580,True
Ta200_20_1,4,2020004237,Elite-only,NEH-TBKK2,11595,11595,True
Ta200_20_1,4,2020004237,Elite-only,KK2-style-NEH,11894,11894,True
Ta200_20_1,4,2020004237,Elite-only,FRB4-p1,11485,11485,True
Ta200_20_1,4,2020004237,Elite-only,INEH-inspired,11622,11622,True
Ta200_20_1,4,2020004237,Contrast,NEH,11578,11578,True
Ta200_20_1,4,2020004237,Contrast,NEH-TBKK2,11597,11597,True
Ta200_20_1,4,2020004237,Contrast,KK2-style-NEH,11798,11798,True
Ta200_20_1,4,2020004237,Contrast,FRB4-p1,11562,11562,True
Ta200_20_1,4,2020004237,Contrast,INEH-inspired,11649,11649,True
Ta200_20_1,5,2020005246,Elite-only,NEH,11620,11620,True
Ta200_20_1,5,2020005246,Elite-only,NEH-TBKK2,11563,11563,True
Ta200_20_1,5,2020005246,Elite-only,KK2-style-NEH,11810,11810,True
Ta200_20_1,5,2020005246,Elite-only,FRB4-p1,11537,11537,True
Ta200_20_1,5,2020005246,Elite-only,INEH-inspired,11589,11589,True
Ta200_20_1,5,2020005246,Contrast,NEH,11620,11620,True
Ta200_20_1,5,2020005246,Contrast,NEH-TBKK2,11537,11537,True
Ta200_20_1,5,2020005246,Contrast,KK2-style-NEH,11777,11777,True
Ta200_20_1,5,2020005246,Contrast,FRB4-p1,11565,11565,True
Ta200_20_1,5,2020005246,Contrast,INEH-inspired,11574,11574,True
Ta200_20_10,1,2020901210,Elite-only,NEH,11792,11792,True
Ta200_20_10,1,2020901210,Elite-only,NEH-TBKK2,11777,11777,True
Ta200_20_10,1,2020901210,Elite-only,KK2-style-NEH,11921,11921,True
Ta200_20_10,1,2020901210,Elite-only,FRB4-p1,11659,11659,True
Ta200_20_10,1,2020901210,Elite-only,INEH-inspired,11726,11726,True
Ta200_20_10,1,2020901210,Contrast,NEH,11807,11807,True
Ta200_20_10,1,2020901210,Contrast,NEH-TBKK2,11777,11777,True
Ta200_20_10,1,2020901210,Contrast,KK2-style-NEH,11903,11903,True
Ta200_20_10,1,2020901210,Contrast,FRB4-p1,11724,11724,True
Ta200_20_10,1,2020901210,Contrast,INEH-inspired,11743,11743,True
Ta200_20_10,2,2020902219,Elite-only,NEH,11792,11792,True
Ta200_20_10,2,2020902219,Elite-only,NEH-TBKK2,11777,11777,True
Ta200_20_10,2,2020902219,Elite-only,KK2-style-NEH,11913,11913,True
Ta200_20_10,2,2020902219,Elite-only,FRB4-p1,11656,11656,True
Ta200_20_10,2,2020902219,Elite-only,INEH-inspired,11788,11788,True
Ta200_20_10,2,2020902219,Contrast,NEH,11793,11793,True
Ta200_20_10,2,2020902219,Contrast,NEH-TBKK2,11780,11780,True
Ta200_20_10,2,2020902219,Contrast,KK2-style-NEH,11940,11940,True
Ta200_20_10,2,2020902219,Contrast,FRB4-p1,11747,11747,True
Ta200_20_10,2,2020902219,Contrast,INEH-inspired,11708,11708,True
Ta200_20_10,3,2020903228,Elite-only,NEH,11788,11788,True
Ta200_20_10,3,2020903228,Elite-only,NEH-TBKK2,11808,11808,True
Ta200_20_10,3,2020903228,Elite-only,KK2-style-NEH,11958,11958,True
Ta200_20_10,3,2020903228,Elite-only,FRB4-p1,11669,11669,True
Ta200_20_10,3,2020903228,Elite-only,INEH-inspired,11703,11703,True
Ta200_20_10,3,2020903228,Contrast,NEH,11792,11792,True
Ta200_20_10,3,2020903228,Contrast,NEH-TBKK2,11755,11755,True
Ta200_20_10,3,2020903228,Contrast,KK2-style-NEH,11859,11859,True
Ta200_20_10,3,2020903228,Contrast,FRB4-p1,11645,11645,True
Ta200_20_10,3,2020903228,Contrast,INEH-inspired,11693,11693,True
Ta200_20_10,4,2020904237,Elite-only,NEH,11744,11744,True
Ta200_20_10,4,2020904237,Elite-only,NEH-TBKK2,11808,11808,True
Ta200_20_10,4,2020904237,Elite-only,KK2-style-NEH,11855,11855,True
Ta200_20_10,4,2020904237,Elite-only,FRB4-p1,11654,11654,True
Ta200_20_10,4,2020904237,Elite-only,INEH-inspired,11797,11797,True
Ta200_20_10,4,2020904237,Contrast,NEH,11807,11807,True
Ta200_20_10,4,2020904237,Contrast,NEH-TBKK2,11755,11755,True
Ta200_20_10,4,2020904237,Contrast,KK2-style-NEH,11882,11882,True
Ta200_20_10,4,2020904237,Contrast,FRB4-p1,11623,11623,True
Ta200_20_10,4,2020904237,Contrast,INEH-inspired,11766,11766,True
Ta200_20_10,5,2020905246,Elite-only,NEH,11860,11860,True
Ta200_20_10,5,2020905246,Elite-only,NEH-TBKK2,11808,11808,True
Ta200_20_10,5,2020905246,Elite-only,KK2-style-NEH,11933,11933,True
Ta200_20_10,5,2020905246,Elite-only,FRB4-p1,11697,11697,True
Ta200_20_10,5,2020905246,Elite-only,INEH-inspired,11746,11746,True
Ta200_20_10,5,2020905246,Contrast,NEH,11792,11792,True
Ta200_20_10,5,2020905246,Contrast,NEH-TBKK2,11755,11755,True
Ta200_20_10,5,2020905246,Contrast,KK2-style-NEH,11855,11855,True
Ta200_20_10,5,2020905246,Contrast,FRB4-p1,11663,11663,True
Ta200_20_10,5,2020905246,Contrast,INEH-inspired,11651,11651,True
